business_name,phone,website,email,address,city,state,zip,google_maps_url,place_id,rating,review_count,categories_services,years_in_business,facebook,instagram,source_url,source_name,scraped_at,is_franchise,notes
A & S Window Cleaning,(602) 290-8400,http://www.aandswindowcleaning.com,,3923 W Quail Ave,Glendale,AZ,85308,"https://www.google.com/maps/place/A+%26+S+Window+Cleaning/@33.5246355,-112.1680341,10z/data=!3m1!4b1!4m6!3m5!1s0x872b68ad160c4421:0xa3ace74f2421312b!8m2!3d33.5246356!4d-112.168034!16s%2Fg%2F1tffzzjj?entry=ttu&g_ep=EgoyMDI2MDkwOS4wIKXMDSoASAFQAw%3D%3D",ChIJIUQMFq1oK4cRKzEhJE_nrKM,5.0,34,residential,,,,https://www.yellowpages.com/glendale-az/window-cleaning,yellowpages,2026-09-06T03:23:02Z,N,website_enriched:yp_phone; google_rating_enriched_2026-09-15
A 360 View Window Cleaning,(602) 882-1632,https://a360viewwindowcleaning.com/,,,Phoenix,AZ,85050,https://www.google.com/maps/search/?api=1&query=A%20360%20View%20Window%20Cleaning%2C%20Phoenix%2C%20AZ%2C%2085050,,,,residential,,,,https://www.yellowpages.com/phoenix-az/window-cleaning?page=3,yellowpages,2026-09-06T03:24:34Z,N,North Phoenix website_enriched:verified_phone
A Clean Expression Window,(480) 513-6951,https://acleanexpression.com,,,Scottsdale,AZ,,"https://www.google.com/maps/place/A+Clean+Expression+Window+Cleaning+LLC/@33.6389881,-111.9536806,17z/data=!3m1!4b1!4m6!3m5!1s0x872b715522295d13:0xed22cbbd4a34da8!8m2!3d33.6389881!4d-111.9536806!16s%2Fg%2F1tnplgjn?entry=ttu&g_ep=EgoyMDI2MDkwOS4wIKXMDSoASAFQAw%3D%3D",0x872b715522295d13:0xed22cbbd4a34da8,5.0,85,window cleaning,,,,https://www.yellowpages.com/scottsdale-az/window-cleaning?page=2,yellowpages,2026-09-06T03:48:04Z,N,added_with_website_from_yp_p2; google_rating_enriched_2026-09-15
A Clean Expression Window Cleaning,(602) 776-9274,https://acleanexpression.com,,16652 N 59th Pl,Scottsdale,AZ,85254,"https://www.google.com/maps/place/A+Clean+Expression+Window+Cleaning+LLC/@33.6389881,-111.9536806,17z/data=!3m1!4b1!4m6!3m5!1s0x872b715522295d13:0xed22cbbd4a34da8!8m2!3d33.6389881!4d-111.9536806!16s%2Fg%2F1tnplgjn?entry=ttu&g_ep=EgoyMDI2MDkwOS4wIKXMDSoASAFQAw%3D%3D",0x872b715522295d13:0xed22cbbd4a34da8,5.0,85,residential|screens,23,,,https://www.yellowpages.com/scottsdale-az/window-cleaning,yellowpages,2026-09-06T03:20:00Z,N,google_rating_enriched_2026-09-15
A Cleaner View LLC,(480) 464-5555,https://www.acleanerview.com,,1533 N Alma School Rd Ste 7,Mesa,AZ,85201,"https://www.google.com/maps/place/BEST+VIEW+NOW/@33.4417018,-111.7271142,17z/data=!3m1!4b1!4m6!3m5!1s0x872ba7add9437a21:0x4f7a9a54f9336625!8m2!3d33.4417018!4d-111.7271142!16s%2Fg%2F11h3kzv16m?entry=ttu&g_ep=EgoyMDI2MDkwOS4wIKXMDSoASAFQAw%3D%3D",ChIJIXpD2a2nK4cRJWYz-VSaek8,4.8,18,residential,19,,,https://www.yellowpages.com/tempe-az/window-cleaning,yellowpages,2026-09-06T03:23:02Z,N,Also (928) 225-0150; since 2002; google_rating_enriched_2026-09-15
A Clearer Image,(623) 986-6955,,,5526 W Alice Ave,Glendale,AZ,85302,"https://www.google.com/maps/place/Clear+Image+Inc/@33.5189062,-112.1752575,17z/data=!3m1!4b1!4m6!3m5!1s0x872b6b30f11f8dcd:0xfbb1b0ab841d54c4!8m2!3d33.5189062!4d-112.1752575!16s%2Fg%2F1tgp187_?entry=ttu&g_ep=EgoyMDI2MDkwOS4wIKXMDSoASAFQAw%3D%3D",0x872b6b30f11f8dcd:0xfbb1b0ab841d54c4,4.9,14,residential,,,,https://www.yellowpages.com/peoria-az/window-cleaning,yellowpages,2026-09-06T03:23:02Z,N,google_rating_enriched_2026-09-15
A New Outlook Window Cleaning,(480) 213-8305,,,10263 E Obispo Ave,Mesa,AZ,85212,https://www.google.com/maps/search/?api=1&query=A%20New%20Outlook%20Window%20Cleaning%2C%2010263%20E%20Obispo%20Ave%2C%20Mesa%2C%20AZ%2C%2085212,,,,residential,18,,,https://www.yellowpages.com/queen-creek-az/window-cleaning,yellowpages,2026-09-06T03:23:47Z,N,
A Perfect View,(602) 618-1367,,,1234 W Red Bird Rd,Phoenix,AZ,85083,https://www.google.com/maps/search/?api=1&query=A%20Perfect%20View%2C%201234%20W%20Red%20Bird%20Rd%2C%20Phoenix%2C%20AZ%2C%2085083,,,,residential,,,,https://www.yellowpages.com/phoenix-az/window-cleaning?page=2,yellowpages,2026-09-06T03:20:00Z,N,North Phoenix / Anthem-adjacent ZIP
A Window Cleaning By Ted,(623) 551-2511,,,,Phoenix,AZ,,https://www.google.com/maps/search/?api=1&query=A%20Window%20Cleaning%20By%20Ted%2C%20Phoenix%2C%20AZ,,,,residential,,,,https://www.yellowpages.com/phoenix-az/window-cleaning?page=6,yellowpages,2026-09-06T03:29:41Z,N,
AAAA New View Window Cleaning of Scottsdale,(602) 828-3800,,,,Scottsdale,AZ,,https://www.google.com/maps/search/?api=1&query=AAAA%20New%20View%20Window%20Cleaning%20of%20Scottsdale%2C%20Scottsdale%2C%20AZ,,,,residential,,,,https://www.yellowpages.com/phoenix-az/window-cleaning?page=6,yellowpages,2026-09-06T03:29:41Z,N,
Absolute Professionals,(623) 694-0101,https://absoluteproaz.com/,,,Buckeye,AZ,,https://www.google.com/maps/search/?api=1&query=Absolute%20Professionals%2C%20Buckeye%2C%20AZ,,,,residential,,,,https://www.yellowpages.com/buckeye-az/window-cleaning,yellowpages,2026-09-06T03:24:34Z,N,website_enriched:yp_phone website_corrected_absoluteproaz
Absolute Window Cleaning,(480) 292-0180,,,,Tempe,AZ,85283,"https://www.google.com/maps/place/Absolute+Professionals+Window+Cleaning/@33.6043255,-112.0399745,10z/data=!3m1!4b1!4m6!3m5!1s0x872b621c7283a0e7:0xe489c15e4c867e47!8m2!3d33.6043256!4d-112.0399746!16s%2Fg%2F12617l8r4?entry=ttu&g_ep=EgoyMDI2MDkwOS4wIKXMDSoASAFQAw%3D%3D",ChIJ56CDchxiK4cRR36GTF7BieQ,5.0,67,residential,,,,https://www.yellowpages.com/tempe-az/window-cleaning,yellowpages,2026-09-06T03:23:02Z,N,google_rating_enriched_2026-09-15
Ace Window Cleaning,(480) 692-1207,https://www.azacewindowcleaning.com,admin@azacewindowcleaning.com,9329 East Osage Avenue,Mesa,AZ,85212,https://www.google.com/maps/search/?api=1&query=Ace%20Window%20Cleaning%2C%209329%20East%20Osage%20Avenue%2C%20Mesa%2C%20AZ%2C%2085212,,4.5,,residential|commercial|screens|solar-panels,12,,,https://www.azacewindowcleaning.com/our-services/residential-window-cleaning-in-mesa-az-service-area/,company_website,2026-09-06T03:18:28Z,N,Owner Michael Crews
Adela's Professional House & Window Cleaning,(623) 329-0332,,,1348 W Morrow Dr,Phoenix,AZ,85027,https://www.google.com/maps/search/?api=1&query=Adela%27s%20Professional%20House%20%26%20Window%20Cleaning%2C%201348%20W%20Morrow%20Dr%2C%20Phoenix%2C%20AZ%2C%2085027,,,,residential,,,,https://www.yellowpages.com/phoenix-az/window-cleaning?page=2,yellowpages,2026-09-06T03:20:00Z,N,
Ahwatukee Windows,(480) 961-1564,,,1403 W Juanita Ave,Mesa,AZ,85202,"https://www.google.com/maps/place/Ahwatukee+Windows/@33.3343277,-111.9933628,14z/data=!3m1!4b1!4m6!3m5!1s0x3b2dfa7a102fabb:0xb327e96cf39a95a1!8m2!3d33.3343277!4d-111.9933628!16s%2Fg%2F11z9ph0yrb?entry=ttu&g_ep=EgoyMDI2MDkwOS4wIKXMDSoASAFQAw%3D%3D",0x3b2dfa7a102fabb:0xb327e96cf39a95a1,4.7,363,residential,,,,https://www.yellowpages.com/phoenix-az/window-cleaning?page=8,yellowpages,2026-09-06T03:30:58Z,N,HQ Mesa; brand Ahwatukee; google_rating_enriched_2026-09-15
Alex Window Cleaning Services,(602) 787-0171,http://alexwindowcleaner.com,,2843 E Janice Way,Phoenix,AZ,85032,"https://www.google.com/maps/place/Alex+Window+Cleaning+Services+LLC/@33.6242617,-112.0202739,17z/data=!3m1!4b1!4m6!3m5!1s0x872b7117f7cc3239:0x56b816bdb1b591db!8m2!3d33.6242617!4d-112.0202739!16s%2Fg%2F11vpwrbwpr?entry=ttu&g_ep=EgoyMDI2MDkwOS4wIKXMDSoASAFQAw%3D%3D",0x872b7117f7cc3239:0x56b816bdb1b591db,5.0,5,residential,29,,,https://www.yellowpages.com/phoenix-az/window-cleaning,yellowpages,2026-09-06T03:20:00Z,N,website_enriched:yp_phone; google_rating_enriched_2026-09-15
Alexis Window Cleaning,(602) 787-1678,,,2433 E Hillery Dr,Phoenix,AZ,85032,"https://www.google.com/maps/place/Alexis+Window+Cleaning/@33.6740745,-111.85843,10z/data=!3m1!4b1!4m6!3m5!1s0x872b73edbfbbf42b:0x2630173e19364a9f!8m2!3d33.6740745!4d-111.85843!16s%2Fg%2F11h_tl2jnw?entry=ttu&g_ep=EgoyMDI2MDkwOS4wIKXMDSoASAFQAw%3D%3D",0x872b73edbfbbf42b:0x2630173e19364a9f,5.0,4,residential,20,,,https://www.yellowpages.com/phoenix-az/window-cleaning?page=2,yellowpages,2026-09-06T03:20:00Z,N,google_rating_enriched_2026-09-15
All Bright & Clear Window,(623) 695-1683,,,20403 N Lake Pleasant Rd,Peoria,AZ,85382,https://www.google.com/maps/search/?api=1&query=All%20Bright%20%26%20Clear%20Window%2C%2020403%20N%20Lake%20Pleasant%20Rd%2C%20Peoria%2C%20AZ%2C%2085382,,,,residential,,,,https://www.yellowpages.com/peoria-az/window-cleaning,yellowpages,2026-09-06T03:23:02Z,N,
All Brite Cleaning Solutions,(623) 334-0525,,,,Phoenix,AZ,85027,"https://www.google.com/maps/place/AZ'z+All+Cleaning+Solutions+LLC/@33.485838,-111.9291365,9z/data=!3m1!4b1!4m6!3m5!1s0x872b6bed0c0d544b:0x8b92c577248c013a!8m2!3d33.485838!4d-111.9291365!16s%2Fg%2F11hnpvzvdq?entry=ttu&g_ep=EgoyMDI2MDkwOS4wIKXMDSoASAFQAw%3D%3D",ChIJS1QNDO1rK4cROgGMJHfFkos,4.8,6,residential,,,,https://arizona.business-us.org/75351-all_brite_cleaning_solutions.htm,directory,2026-09-06T03:23:02Z,N,verify window specialty; google_rating_enriched_2026-09-15
All Clear Window Cleaning,(480) 245-5740,,,2224 W Harwell Rd,Phoenix,AZ,85041,"https://www.google.com/maps/place/All+Kleen/@33.4665995,-112.1669952,17z/data=!3m1!4b1!4m6!3m5!1s0x872b152fe001077f:0xefe0108ccc280835!8m2!3d33.4665995!4d-112.1669952!16s%2Fg%2F1tgcyjbd?entry=ttu&g_ep=EgoyMDI2MDkwOS4wIKXMDSoASAFQAw%3D%3D",ChIJfwcB4C8VK4cRNQgozIwQ4O8,5.0,123,residential,,,,https://www.yellowpages.com/phoenix-az/window-cleaning?page=3,yellowpages,2026-09-06T03:24:34Z,N,google_rating_enriched_2026-09-15
All Kleen Services,(602) 515-6129,https://www.allkleen.net,,5030 W McDowell Rd,Phoenix,AZ,85035,"https://www.google.com/maps/place/All+Kleen/@33.4665995,-112.1669952,17z/data=!3m1!4b1!4m6!3m5!1s0x872b152fe001077f:0xefe0108ccc280835!8m2!3d33.4665995!4d-112.1669952!16s%2Fg%2F1tgcyjbd?entry=ttu&g_ep=EgoyMDI2MDkwOS4wIKXMDSoASAFQAw%3D%3D",0x872b152fe001077f:0xefe0108ccc280835,5.0,123,residential|commercial,20,,,https://www.yellowpages.com/phoenix-az/window-cleaning,yellowpages,2026-09-06T03:20:00Z,N,Since 2006; dual pressure wash; google_rating_enriched_2026-09-15
All Star Window Cleaning,(480) 688-7177,https://www.allstarwc.com,,1358 E Aspen Ave,Gilbert,AZ,85234,"https://www.google.com/maps/place/All+Star+Window+Cleaning+LLC/@33.5327396,-111.843209,10z/data=!3m1!4b1!4m6!3m5!1s0x872baed2caf5e9ad:0x9840f6706a669b30!8m2!3d33.5327396!4d-111.843209!16s%2Fg%2F1tp2_vq4?entry=ttu&g_ep=EgoyMDI2MDkwOS4wIKXMDSoASAFQAw%3D%3D",0x872baed2caf5e9ad:0x9840f6706a669b30,5.0,36,residential,21,,,https://www.yellowpages.com/gilbert-az/window-cleaning,yellowpages,2026-09-06T03:20:55Z,N,website_enriched:yp_phone; google_rating_enriched_2026-09-15
All-1 PRO Window Cleaning Services,(480) 687-7066,,,,Phoenix,AZ,,"https://www.google.com/maps/place/All-1+Pro+Window+Cleaning+Services,+LLC/@33.5015696,-111.9312895,17z/data=!3m1!4b1!4m6!3m5!1s0x872b0b9ed5af86d1:0xadda93ff7ef8a336!8m2!3d33.5015696!4d-111.9312895!16s%2Fg%2F11rvgf9jhd?entry=ttu&g_ep=EgoyMDI2MDkwOS4wIKXMDSoASAFQAw%3D%3D",0x872b0b9ed5af86d1:0xadda93ff7ef8a336,4.9,348,residential,,,,https://www.yellowpages.com/phoenix-az/window-cleaning?page=6,yellowpages,2026-09-06T03:29:41Z,N,google_rating_enriched_2026-09-15
Alpha Exteriors Cleaning & Maintenance,(408) 705-8794,,,11303 W Mccaslin Rose Ln,Surprise,AZ,85378,"https://www.google.com/maps/place/Alpha+Exteriors+Cleaning+%26+Maintenance/@33.6510523,-112.3028262,17z/data=!3m1!4b1!4m6!3m5!1s0x872b43fa3076e16f:0x4fa01046036c39bf!8m2!3d33.6510523!4d-112.3028262!16s%2Fg%2F11vf6hzf12?entry=ttu&g_ep=EgoyMDI2MDkwOS4wIKXMDSoASAFQAw%3D%3D",0x872b43fa3076e16f:0x4fa01046036c39bf,5.0,170,residential|solar-panels,,,,https://www.yellowpages.com/surprise-az/window-cleaning,yellowpages,2026-09-06T03:23:47Z,N,CA area code; local Surprise address; google_rating_enriched_2026-09-15
Alpine Window Cleaning Inc,(480) 314-4213,,,9550 E Thunderbird Rd Unit 264,Scottsdale,AZ,85260,https://www.google.com/maps/search/?api=1&query=Alpine%20Window%20Cleaning%20Inc%2C%209550%20E%20Thunderbird%20Rd%20Unit%20264%2C%20Scottsdale%2C%20AZ%2C%2085260,,,,residential,,,,https://www.yellowpages.com/scottsdale-az/window-cleaning,yellowpages,2026-09-06T03:20:00Z,N,
Ambassador Services Windows,(480) 320-9661,,,,Peoria,AZ,85345,https://www.google.com/maps/search/?api=1&query=Ambassador%20Services%20Windows%2C%20Peoria%2C%20AZ%2C%2085345,,,,residential,,,,https://www.yellowpages.com/peoria-az/window-cleaning,yellowpages,2026-09-06T03:23:02Z,N,
American Window Washing,(602) 218-0299,,,3418 W Mandalay Ln,Phoenix,AZ,85053,https://www.google.com/maps/search/?api=1&query=American%20Window%20Washing%2C%203418%20W%20Mandalay%20Ln%2C%20Phoenix%2C%20AZ%2C%2085053,,,,residential,13,,,https://www.yellowpages.com/phoenix-az/window-cleaning?page=5,yellowpages,2026-09-06T03:29:01Z,N,same phone as American plus services listing
Apex Window Cleaning,(623) 498-7589,https://www.apexwindowcleaningaz.com,,730 E Calle Chulo Rd,Goodyear,AZ,85338,"https://www.google.com/maps/place/Apex+Window+Cleaning/@33.266802,-112.3490251,10z/data=!3m1!4b1!4m6!3m5!1s0x872b3a4000000001:0xe86d7f046b400178!8m2!3d33.266802!4d-112.3490251!16s%2Fg%2F11b77zfdfv?entry=ttu&g_ep=EgoyMDI2MDkwOS4wIKXMDSoASAFQAw%3D%3D",0x872b3a4000000001:0xe86d7f046b400178,5.0,66,residential,,,,https://www.yellowpages.com/peoria-az/window-cleaning,yellowpages,2026-09-06T03:23:02Z,N,website_enriched:yp_phone; google_rating_enriched_2026-09-15
Appearance Counts Window Cleaning,(480) 584-1643,https://appearance-counts.com,,2043 S Starling Dr,Gilbert,AZ,85295,"https://www.google.com/maps/place/Appearance+Counts/@33.3301371,-111.7446261,11z/data=!3m1!4b1!4m6!3m5!1s0x872bad3bcfb9531f:0x2e9587c8c7f24967!8m2!3d33.3301371!4d-111.744626!16s%2Fg%2F11b6hqx45t?entry=ttu&g_ep=EgoyMDI2MDkwOS4wIKXMDSoASAFQAw%3D%3D",0x872bad3bcfb9531f:0x2e9587c8c7f24967,4.8,13,residential,,,,https://www.yellowpages.com/gilbert-az/window-cleaning,yellowpages,2026-09-06T03:20:55Z,N,website_enriched:yp_phone; google_rating_enriched_2026-09-15
Arizona Blind and Window Cleaning,(480) 460-7404,,,3830 E Desert Flower Ln,Phoenix,AZ,85044,https://www.google.com/maps/search/?api=1&query=Arizona%20Blind%20and%20Window%20Cleaning%2C%203830%20E%20Desert%20Flower%20Ln%2C%20Phoenix%2C%20AZ%2C%2085044,,,,residential|screens,,,,https://www.yellowpages.com/phoenix-az/window-cleaning?page=2,yellowpages,2026-09-06T03:20:00Z,N,Ahwatukee area ZIP
Arizona Clearview Window Cleaning,(623) 298-4551,https://www.azclearview.com,ken@azclearview.com,3520 W Park View Ln,Glendale,AZ,85310,"https://www.google.com/maps/place/Clearview+window+experts/@33.420149,-112.505397,10z/data=!3m1!4b1!4m6!3m5!1s0x81fd84f24ac89d81:0x3ebbc9bc19ba3042!8m2!3d33.420149!4d-112.505397!16s%2Fg%2F11vx3grqh_?entry=ttu&g_ep=EgoyMDI2MDkwOS4wIKXMDSoASAFQAw%3D%3D",ChIJgZ3ISvKE_YERQjC6GbzJuz4,5.0,28,residential|commercial|high-reach,14,,,https://az.biznet-us.com/firms/2532435/,directory,2026-09-06T03:18:28Z,N,Owner Ken; high-rise + residential; google_rating_enriched_2026-09-15
Arizona Grime,(623) 202-3486,https://azgrime.com,,501 W 8th Ave,Mesa,AZ,85210,"https://www.google.com/maps/place/Arizona+Grime/@33.3995695,-111.8415744,17z/data=!3m1!4b1!4m6!3m5!1s0x89de192aa69c77ad:0x78e0cc2516de9e41!8m2!3d33.3995695!4d-111.8415744!16s%2Fg%2F11qqv0g1tz?entry=ttu&g_ep=EgoyMDI2MDkwOS4wIKXMDSoASAFQAw%3D%3D",0x89de192aa69c77ad:0x78e0cc2516de9e41,5.0,83,residential,,,,https://azgrime.com/,company_website,2026-09-06T03:27:54Z,N,windows + solar + pressure; google_rating_enriched_2026-09-15
Arizona Images Window Cleaning,(480) 816-1507,,,15149 E Marathon Dr,Fountain Hills,AZ,85268,https://www.google.com/maps/search/?api=1&query=Arizona%20Images%20Window%20Cleaning%2C%2015149%20E%20Marathon%20Dr%2C%20Fountain%20Hills%2C%20AZ%2C%2085268,,,,residential,,,,https://www.yellowpages.com/fountain-hills-az/window-cleaning,yellowpages,2026-09-06T03:24:34Z,N,
Arizona Preferred Window Cleaning,(480) 825-5518,https://www.arizonapreferredwindowcleaning.com,,6730 E McDowell Rd #112,Phoenix,AZ,85257,https://www.google.com/maps/search/?api=1&query=Arizona%20Preferred%20Window%20Cleaning%2C%206730%20E%20McDowell%20Rd%20%23112%2C%20Phoenix%2C%20AZ%2C%2085257,,5.0,500,residential|commercial|screens|solar-panels,10,,,https://www.arizonapreferredwindowcleaning.com/,company_website,2026-09-06T03:18:28Z,N,Valley-wide; locally owned
Arizona Window Cleaning Inc,(602) 910-6246,,,,Phoenix,AZ,85001,https://www.google.com/maps/search/?api=1&query=Arizona%20Window%20Cleaning%20Inc%2C%20Phoenix%2C%20AZ%2C%2085001,,,,residential,,,,https://www.yellowpages.com/phoenix-az/window-cleaning?page=3,yellowpages,2026-09-06T03:24:34Z,N,
Arizona Window Washers,(480) 335-7373,https://arizonawindowwashers.com,,15333 N Pima Rd,Scottsdale,AZ,85260,"https://www.google.com/maps/place/Arizona+Window+Washers/@33.6249639,-111.889509,17z/data=!3m1!4b1!4m6!3m5!1s0x872b75abeadff98b:0xceb2461c01ec3925!8m2!3d33.6249639!4d-111.889509!16s%2Fg%2F11fkt74_h6?entry=ttu&g_ep=EgoyMDI2MDkwOS4wIKXMDSoASAFQAw%3D%3D",ChIJi_nf6qt1K4cRJTnsARxGss4,5.0,7,residential,,,,https://www.yellowpages.com/scottsdale-az/window-cleaning,yellowpages,2026-09-06T03:20:00Z,N,google_rating_enriched_2026-09-15
Arizona Window Washers (Greenway),(623) 277-5300,http://arizonawindowwashers.com,,6424 E Greenway Pkwy,Scottsdale,AZ,85254,"https://www.google.com/maps/place/Arizona+Window+Washers/@33.6249639,-111.889509,17z/data=!3m1!4b1!4m6!3m5!1s0x872b75abeadff98b:0xceb2461c01ec3925!8m2!3d33.6249639!4d-111.889509!16s%2Fg%2F11fkt74_h6?entry=ttu&g_ep=EgoyMDI2MDkwOS4wIKXMDSoASAFQAw%3D%3D",ChIJi_nf6qt1K4cRJTnsARxGss4,5.0,7,residential,,,,https://www.yellowpages.com/scottsdale-az/window-cleaning,yellowpages,2026-09-06T03:20:00Z,N,Second AZ Window Washers phone/address — keep as distinct phone website_enriched:yp_name_soft; google_rating_enriched_2026-09-15
Arizona's Green Squeegee,(480) 216-0259,,,7018 W Mcmahon Way,Peoria,AZ,85345,https://www.google.com/maps/search/?api=1&query=Arizona%27s%20Green%20Squeegee%2C%207018%20W%20Mcmahon%20Way%2C%20Peoria%2C%20AZ%2C%2085345,,,,residential,,,,https://www.yellowpages.com/peoria-az/window-cleaning,yellowpages,2026-09-06T03:23:02Z,N,
Arizona's Windows Plus,(480) 807-4280,,,2335 N Loma Vis,Mesa,AZ,85213,"https://www.google.com/maps/place/Affordable+Windows+Plus+Exteriors/@33.356297,-111.8276588,17z/data=!3m1!4b1!4m6!3m5!1s0x872ba8409a441525:0xf222ca2f922011dd!8m2!3d33.356297!4d-111.8276588!16s%2Fg%2F12vrdwn9x?entry=ttu&g_ep=EgoyMDI2MDkwOS4wIKXMDSoASAFQAw%3D%3D",ChIJJRVEmkCoK4cR3REgki_KIvI,4.8,533,residential,,,,https://www.yellowpages.com/apache-junction-az/window-cleaning,yellowpages,2026-09-06T03:26:07Z,N,20+ years claimed; google_rating_enriched_2026-09-15
At Buckeye Window Cleaning,(623) 327-0808,http://suncitywindowcleaning.com,,,Buckeye,AZ,,https://www.google.com/maps/search/?api=1&query=At%20Buckeye%20Window%20Cleaning%2C%20Buckeye%2C%20AZ,,,,residential,,,,https://www.yellowpages.com/buckeye-az/window-cleaning,yellowpages,2026-09-06T03:24:34Z,N,serving-area listing; verify local presence website_enriched:yp_phone
At Goodyear Window Cleaning,(623) 386-1912,,,,Goodyear,AZ,,https://www.google.com/maps/search/?api=1&query=At%20Goodyear%20Window%20Cleaning%2C%20Goodyear%2C%20AZ,,,,residential,,,,https://www.yellowpages.com/buckeye-az/window-cleaning,yellowpages,2026-09-06T03:24:34Z,N,serving-area listing
At Sun City Window Cleaning,(623) 474-6995,,,,Sun City,AZ,,https://www.google.com/maps/search/?api=1&query=At%20Sun%20City%20Window%20Cleaning%2C%20Sun%20City%2C%20AZ,,,,residential,,,,https://www.yellowpages.com/buckeye-az/window-cleaning,yellowpages,2026-09-06T03:24:34Z,N,serving-area listing
At Surprise Window Cleaning,(623) 327-9808,,,,Surprise,AZ,,https://www.google.com/maps/search/?api=1&query=At%20Surprise%20Window%20Cleaning%2C%20Surprise%2C%20AZ,,,,residential,,,,https://www.yellowpages.com/buckeye-az/window-cleaning,yellowpages,2026-09-06T03:24:34Z,N,serving-area listing
At Your City Window Cleaning,(623) 386-7463,,,13008 S Tuthill Rd,Buckeye,AZ,85326,https://www.google.com/maps/search/?api=1&query=At%20Your%20City%20Window%20Cleaning%2C%2013008%20S%20Tuthill%20Rd%2C%20Buckeye%2C%20AZ%2C%2085326,,,,residential,19,,,https://www.yellowpages.com/buckeye-az/window-cleaning,yellowpages,2026-09-06T03:24:34Z,N,
AZ Desert Shine LLC,(602) 882-9768,,,16735 N 113th Ln,Surprise,AZ,85378,"https://www.google.com/maps/place/Desert+Shine+Window+Cleaning/@33.2766146,-112.1874899,9z/data=!3m1!4b1!4m6!3m5!1s0xaef27a954dd347f5:0x22ed9dd408c713e9!8m2!3d33.2766146!4d-112.18749!16s%2Fg%2F11ymzvkq2w?entry=ttu&g_ep=EgoyMDI2MDkwOS4wIKXMDSoASAFQAw%3D%3D",ChIJ9UfTTZV68q4R6RPHCNSd7SI,5.0,1,residential|solar-panels,14,,,https://www.yellowpages.com/surprise-az/window-cleaning,yellowpages,2026-09-06T03:23:47Z,N,google_rating_enriched_2026-09-15
AZ Elite Window Cleaning,(480) 800-7683,,,601 W 5th St,Tempe,AZ,85281,"https://www.google.com/maps/place/AZ+Elite+Window+Cleaning/@33.5246355,-112.2724374,10z/data=!3m1!4b1!4m6!3m5!1s0x413f8d63db7aafef:0x4df0650b4ff2cd98!8m2!3d33.5246356!4d-112.2724374!16s%2Fg%2F11v5ynmght?entry=ttu&g_ep=EgoyMDI2MDkwOS4wIKXMDSoASAFQAw%3D%3D",ChIJ769622ONP0ERmM3yTwtl8E0,4.9,54,residential,,,,https://www.yellowpages.com/tempe-az/window-cleaning,yellowpages,2026-09-06T03:23:02Z,N,google_rating_enriched_2026-09-15
AZ Power Wash Pros,(602) 475-8777,https://azpowerwashpros.com,,,Phoenix,AZ,,"https://www.google.com/maps/place/AZ+Power+Wash+Pros/@33.4248386,-112.0865663,17z/data=!3m1!4b1!4m6!3m5!1s0x872b0f6155176667:0x72f4164f9d428bda!8m2!3d33.4248386!4d-112.0865663!16s%2Fg%2F1tfmcpzg?entry=ttu&g_ep=EgoyMDI2MDkwOS4wIKXMDSoASAFQAw%3D%3D",ChIJZ2YXVWEPK4cR2otCnU8W9HI,4.9,311,window cleaning,,,,https://www.yellowpages.com/phoenix-az/window-cleaning?page=3,yellowpages,2026-09-06T03:52:08Z,N,added_with_website_from_yp_p3; google_rating_enriched_2026-09-15
AZ Pressure Wash & Windows,(480) 658-3605,https://azpressurewashandwindows.com,,5615 E Wethersfield Rd,Scottsdale,AZ,85254,"https://www.google.com/maps/place/Az+Pressure+Wash+and+Windows/@33.5805664,-112.0210995,10z/data=!3m1!4b1!4m6!3m5!1s0xfb22fbfa2c5a8a3:0xa7db09de2e5d7045!8m2!3d33.5805664!4d-112.0210995!16s%2Fg%2F11tcz23h4v?entry=ttu&g_ep=EgoyMDI2MDkwOS4wIKXMDSoASAFQAw%3D%3D",0xfb22fbfa2c5a8a3:0xa7db09de2e5d7045,5.0,188,residential,,,,https://www.yellowpages.com/scottsdale-az/window-cleaning,yellowpages,2026-09-06T03:20:00Z,N,website_enriched:yp_phone; google_rating_enriched_2026-09-15
AZ Solar Shine,(480) 292-7911,,,7815 E Moreland St,Scottsdale,AZ,85257,"https://www.google.com/maps/place/Saguaro+Shine+Window+Cleaning/@33.5867788,-111.924815,17z/data=!3m1!4b1!4m6!3m5!1s0xacaa43ad45e303d9:0x484cea585111065e!8m2!3d33.5867788!4d-111.924815!16s%2Fg%2F11v_5ck1q1?entry=ttu&g_ep=EgoyMDI2MDkwOS4wIKXMDSoASAFQAw%3D%3D",ChIJ2QPjRa1DqqwRXgYRUVjqTEg,5.0,209,residential,,,,https://www.yellowpages.com/phoenix-az/window-cleaning?page=9,yellowpages,2026-09-06T03:34:54Z,N,solar + windows; google_rating_enriched_2026-09-15
AZ Window Cleaners,(602) 663-9326,https://phoenixwindowcleaning.com,info@am-pros.com,2435 S 11th Ave,Phoenix,AZ,85007,"https://www.google.com/maps/place/AZ+Window+Cleaners/@33.4248386,-112.0865663,17z/data=!3m1!4b1!4m6!3m5!1s0x872b0e0199bfc0b3:0xc807e2222001f905!8m2!3d33.4248386!4d-112.0865663!16s%2Fg%2F12hk5cysw?entry=ttu&g_ep=EgoyMDI2MDkwOS4wIKXMDSoASAFQAw%3D%3D",0x872b0e0199bfc0b3:0xc807e2222001f905,4.9,11,residential|commercial|screens,15,,,https://phoenixwindowcleaning.com/scottsdale/,company_website,2026-09-06T03:18:28Z,N,A+ BBB claimed; metro-wide; google_rating_enriched_2026-09-15
AZ Window Services,(480) 418-0647,https://www.azwindowservices.com/,,3260 Hayden Rd #210,Scottsdale,AZ,85251,https://www.google.com/maps/search/?api=1&query=AZ%20Window%20Services%2C%20Scottsdale%2C%20AZ,,,,window cleaning,,,,https://www.azwindowservices.com/,company_website,2026-09-06T03:50:06Z,N,Window cleaning & tinting
AZ Window Shine,(623) 462-3312,https://azwindowshine.com,,,Peoria,AZ,,https://www.google.com/maps/search/?api=1&query=AZ%20Window%20Shine%2C%20Peoria%2C%20AZ,,5.0,9,residential|screens,6,,,https://azwindowshine.com/,company_website,2026-09-06T03:18:28Z,N,West Valley family; formerly LAAM Window Cleaning
Azstreakfree,(602) 487-9063,https://streakfreeaz.com,,2627 W Obispo Cir,Mesa,AZ,85202,"https://www.google.com/maps/place/AZ+Streak+Free/@33.3602038,-111.8905343,17z/data=!3m1!4b1!4m6!3m5!1s0x872b09ae58e24bb9:0xbe829dba99c7f797!8m2!3d33.3602038!4d-111.8905343!16s%2Fg%2F11j8h6vtng?entry=ttu&g_ep=EgoyMDI2MDkwOS4wIKXMDSoASAFQAw%3D%3D",0x872b09ae58e24bb9:0xbe829dba99c7f797,5.0,62,residential,,,,https://www.yellowpages.com/phoenix-az/window-cleaning?page=7,yellowpages,2026-09-06T03:30:18Z,N,also Tempe Judd St listing; website_enriched_from_known; google_rating_enriched_2026-09-15
Best View Now LLC,(480) 843-8087,https://bestviewnow.com,bestviewnow@gmail.com,4811 East Halifax Street,Mesa,AZ,85205,https://www.google.com/maps/search/?api=1&query=Best%20View%20Now%20LLC%2C%204811%20East%20Halifax%20Street%2C%20Mesa%2C%20AZ%2C%2085205,,4.9,191,residential|commercial,8,,,https://bestviewnow.com/,thumbtack,2026-09-06T03:18:28Z,N,Thumbtack Top Pro; since 2018
Bill & Ann's Window Washing And Carpet Cleaning,(623) 972-3197,,,3534 W Kelton Ln,Phoenix,AZ,85053,"https://www.google.com/maps/place/Bill+and+Ann%E2%80%99s+window+and+Housecleaning/@33.636836,-112.135648,17z/data=!3m1!4b1!4m6!3m5!1s0x2916c7e5108fddf5:0xdc19977623d1c2f!8m2!3d33.636836!4d-112.135648!16s%2Fg%2F11wh1f9bbd?entry=ttu&g_ep=EgoyMDI2MDkwOS4wIKXMDSoASAFQAw%3D%3D",ChIJ9d2PEOXHFikRLxw9YneZwQ0,5.0,2,residential,36,,,https://www.yellowpages.com/phoenix-az/window-cleaning?page=2,yellowpages,2026-09-06T03:20:00Z,N,google_rating_enriched_2026-09-15
Bill's Window Cleaning,(623) 583-0863,,,13435 N Emberwood Dr,Sun City,AZ,85351,https://www.google.com/maps/search/?api=1&query=Bill%27s%20Window%20Cleaning%2C%2013435%20N%20Emberwood%20Dr%2C%20Sun%20City%2C%20AZ%2C%2085351,,,,residential,19,,,https://www.yellowpages.com/peoria-az/window-cleaning,yellowpages,2026-09-06T03:23:02Z,N,
Blitz Window Cleaning,(480) 340-1256,https://www.blitzwindowcleaning.com,,,Mesa,AZ,85212,"https://www.google.com/maps/place/Blitz+Window+Cleaning+%26+Sun+Screen+Replacement/@33.2619696,-111.7199361,17z/data=!3m1!4b1!4m6!3m5!1s0x44469717354b5419:0x73fe6e07d0801dbf!8m2!3d33.2619696!4d-111.7199361!16s%2Fg%2F11yk08nf_w?entry=ttu&g_ep=EgoyMDI2MDkwOS4wIKXMDSoASAFQAw%3D%3D",ChIJGVRLNReXRkQRvx2A0Adu_nM,5.0,198,residential,,,,https://www.blitzwindowcleaning.com/,company_website,2026-09-06T03:23:47Z,N,google_rating_enriched_2026-09-15
Blue Skies Window & Carpet,(602) 465-0273,,,,Phoenix,AZ,85032,https://www.google.com/maps/search/?api=1&query=Blue%20Skies%20Window%20%26%20Carpet%2C%20Phoenix%2C%20AZ%2C%2085032,,,,residential,,,,https://www.yellowpages.com/phoenix-az/window-cleaning?page=3,yellowpages,2026-09-06T03:24:34Z,N,
Blues Home Services,(480) 901-4768,https://blues-home.com,altair@blues-home.com,,Scottsdale,AZ,,"https://www.google.com/maps/place/Blues+Home+Services/@33.5327396,-111.9173586,10z/data=!3m1!4b1!4m6!3m5!1s0x8b5cd2205624bdb9:0x312d1b9b1f65f6c3!8m2!3d33.5327396!4d-111.9173586!16s%2Fg%2F11x84ckw4d?entry=ttu&g_ep=EgoyMDI2MDkwOS4wIKXMDSoASAFQAw%3D%3D",ChIJub0kViDSXIsRw_ZlH5sbLTE,4.8,20,residential|screens,,,,https://blues-home.com/window-cleaning-cost-scottsdale-arizona,company_website,2026-09-06T03:18:28Z,N,Owner Altair Khalilbayov; Scottsdale PV Fountain Hills; google_rating_enriched_2026-09-15
BNB Window Cleaning,(480) 423-5980,https://scottsdalewindowwasher.com/,,4743 N Scottsdale Rd,Scottsdale,AZ,85251,"https://www.google.com/maps/place/BNB+Window+Cleaning/@33.5327396,-111.9173586,10z/data=!3m1!4b1!4m6!3m5!1s0x872b0beba1ae1f2d:0xd0116259a5580e5d!8m2!3d33.5327396!4d-111.9173586!16s%2Fg%2F1tgkhrk1?entry=ttu&g_ep=EgoyMDI2MDkwOS4wIKXMDSoASAFQAw%3D%3D",0x872b0beba1ae1f2d:0xd0116259a5580e5d,4.9,47,residential,,,,https://www.yellowpages.com/scottsdale-az/window-cleaning,yellowpages,2026-09-06T03:20:00Z,N,website_enriched:verified_bnb; google_rating_enriched_2026-09-15
Brennan & Co Window Cleaning,(480) 579-3940,https://brennanclear.com,,18521 E Queen Creek Rd,Queen Creek,AZ,85142,"https://www.google.com/maps/place/Brennan+%26+Co+Cleaning+Professionals/@33.347947,-111.9173586,9z/data=!3m1!4b1!4m6!3m5!1s0x872bad4eb1dec1bd:0x5465d01657e1acf7!8m2!3d33.347947!4d-111.9173586!16s%2Fg%2F11clysr5wg?entry=ttu&g_ep=EgoyMDI2MDkwOS4wIKXMDSoASAFQAw%3D%3D",ChIJvcHesU6tK4cR96zhVxbQZVQ,4.3,51,residential,,,,https://www.yellowpages.com/queen-creek-az/window-cleaning,yellowpages,2026-09-06T03:23:47Z,N,google_rating_enriched_2026-09-15
Bright On Time Window Cleaning,(602) 481-7009,https://callbrightontime.com,pete@callbrightontime.com,6411 W Seldon Ln,Glendale,AZ,85302,"https://www.google.com/maps/place/Bright+On+Time+Window+Cleaning/@33.5603004,-112.1971624,17z/data=!3m1!4b1!4m6!3m5!1s0x872b6bcafc9cc4f7:0xefb6319d52493427!8m2!3d33.5603004!4d-112.1971624!16s%2Fg%2F11j0yfyh9v?entry=ttu&g_ep=EgoyMDI2MDkwOS4wIKXMDSoASAFQAw%3D%3D",0x872b6bcafc9cc4f7:0xefb6319d52493427,5.0,228,residential|screens,,,,https://callbrightontime.com/,company_website,2026-09-06T03:18:28Z,N,Family-owned Glendale; google_rating_enriched_2026-09-15
Busy 1 Window Cleaning Svc,(602) 577-7930,,,,Phoenix,AZ,85016,"https://www.google.com/maps/place/Busy+1+Window+Cleaning+Services/@33.4952527,-111.9884391,17z/data=!3m1!4b1!4m6!3m5!1s0x872b0d6c00000001:0x8f5968567d205bfc!8m2!3d33.4952527!4d-111.9884391!16s%2Fg%2F1tlndxm7?entry=ttu&g_ep=EgoyMDI2MDkwOS4wIKXMDSoASAFQAw%3D%3D",0x872b0d6c00000001:0x8f5968567d205bfc,5.0,3,residential,,,,https://www.yellowpages.com/phoenix-az/window-cleaning?page=2,yellowpages,2026-09-06T03:20:00Z,N,google_rating_enriched_2026-09-15
C Clear Window Washing,(602) 625-5295,,,4530 E Everett Dr,Phoenix,AZ,85032,"https://www.google.com/maps/place/Crystal+Clear+Choice+Window+Cleaning/@33.512398,-112.219944,9z/data=!3m1!4b1!4m6!3m5!1s0x872b6ec33c0e002f:0x79aba6ee55c0c8b7!8m2!3d33.512398!4d-112.219944!16s%2Fg%2F1pzsd5hmc?entry=ttu&g_ep=EgoyMDI2MDkwOS4wIKXMDSoASAFQAw%3D%3D",ChIJLwAOPMNuK4cRt8jAVe6mq3k,4.3,6,residential,,,,https://www.yellowpages.com/phoenix-az/window-cleaning,yellowpages,2026-09-06T03:20:00Z,N,google_rating_enriched_2026-09-15
Cactus Desert Window Cleaning,(602) 243-0356,https://www.cactusdesertwindowcleaning.com/,,,Phoenix,AZ,,"https://www.google.com/maps/place/Cactus+Desert+Window+Cleaning,+llc/@33.494997,-112.219944,9z/data=!3m1!4b1!4m6!3m5!1s0x872b0de7d3340e8f:0x656a99d3abbe3743!8m2!3d33.494997!4d-112.219944!16s%2Fg%2F11dyml688y?entry=ttu&g_ep=EgoyMDI2MDkwOS4wIKXMDSoASAFQAw%3D%3D",0x872b0de7d3340e8f:0x656a99d3abbe3743,5.0,32,residential,,,,https://www.yellowpages.com/phoenix-az/window-cleaning?page=6,yellowpages,2026-09-06T03:29:41Z,N,website_enriched:company_site_name_match_tollfree_8777906239; google_rating_enriched_2026-09-15
Cactus Window Cleaning,(602) 243-0094,,,4813 S 24th Dr,Phoenix,AZ,85041,"https://www.google.com/maps/place/Cactus+Desert+Window+Cleaning,+llc/@33.494997,-112.219944,9z/data=!3m1!4b1!4m6!3m5!1s0x872b0de7d3340e8f:0x656a99d3abbe3743!8m2!3d33.494997!4d-112.219944!16s%2Fg%2F11dyml688y?entry=ttu&g_ep=EgoyMDI2MDkwOS4wIKXMDSoASAFQAw%3D%3D",ChIJjw400-cNK4cRQze-q9OZamU,5.0,32,residential,,,,https://www.yellowpages.com/phoenix-az/window-cleaning?page=3,yellowpages,2026-09-06T03:24:34Z,N,phone enrichment for earlier homeyou listing; google_rating_enriched_2026-09-15
Canyon View Window Cleaning,(602) 619-2878,,,,Apache Junction,AZ,85117,https://www.google.com/maps/search/?api=1&query=Canyon%20View%20Window%20Cleaning%2C%20Apache%20Junction%2C%20AZ%2C%2085117,,,,residential,,,,https://www.yellowpages.com/apache-junction-az/window-cleaning,yellowpages,2026-09-06T03:26:07Z,N,
Captain Ron's Window Cleaning,(480) 343-9050,https://captainronsaz.com,,9705 E Idaho Ave,Mesa,AZ,85209,"https://www.google.com/maps/place/Captain+Ron%E2%80%99s+Window+Cleaning+%26+Sun+Screen+Installation/@33.3846906,-111.6217269,17z/data=!3m1!4b1!4m6!3m5!1s0x872bb1a6e6b2ea9f:0x37e6ac3cd2c52d57!8m2!3d33.3846906!4d-111.6217269!16s%2Fg%2F11gbwnmmfm?entry=ttu&g_ep=EgoyMDI2MDkwOS4wIKXMDSoASAFQAw%3D%3D",0x872bb1a6e6b2ea9f:0x37e6ac3cd2c52d57,5.0,168,residential,,,,https://captainronsaz.com/,company_website,2026-09-06T03:24:34Z,N,also 480-236-4555; google_rating_enriched_2026-09-15
Captain Ron's Window Cleaning,(480) 236-4555,https://captainronsaz.com,,9705 E Idaho Ave,Mesa,AZ,85209,https://www.google.com/maps/search/?api=1&query=Captain%20Ron%27s%20Window%20Cleaning%2C%209705%20E%20Idaho%20Ave%2C%20Mesa%2C%20AZ%2C%2085209,,5.0,128,residential|screens,9,,,https://captainronsaz.com/,company_website,2026-09-06T03:25:22Z,N,secondary phone; primary 480-343-9050 also listed
Captain Sqeegee Window Cleaning,(480) 516-1983,,,139 N Drexel St,Mesa,AZ,85207,"https://www.google.com/maps/place/Glide+Window+Cleaning/@33.3922243,-111.7509709,17z/data=!3m1!4b1!4m6!3m5!1s0x872baf03a75913b1:0x4e8e778422a7a868!8m2!3d33.3922243!4d-111.7509709!16s%2Fg%2F11wx4xpdnm?entry=ttu&g_ep=EgoyMDI2MDkwOS4wIKXMDSoASAFQAw%3D%3D",ChIJsRNZpwOvK4cRaKinIoR3jk4,4.7,323,residential,16,,,https://www.yellowpages.com/apache-junction-az/window-cleaning,yellowpages,2026-09-06T03:26:07Z,N,google_rating_enriched_2026-09-15
Carefree Clarity,(480) 488-3572,http://carefreeclarity.com,,,Carefree,AZ,,"https://www.google.com/maps/place/Carefree+Clarity/@33.8212381,-111.9224443,17z/data=!3m1!4b1!4m6!3m5!1s0x872b7ecf4be5bfc7:0x9e53468406546a15!8m2!3d33.8212381!4d-111.9224443!16s%2Fg%2F11y0lm3cr?entry=ttu&g_ep=EgoyMDI2MDkwOS4wIKXMDSoASAFQAw%3D%3D",0x872b7ecf4be5bfc7:0x9e53468406546a15,4.8,22,window cleaning,,,,https://www.yellowpages.com/,yellowpages,2026-09-06T03:53:37Z,N,added_with_website_from_yp; google_rating_enriched_2026-09-15
Casey's Pro Window Cleaning Service,(480) 291-2492,,,3101 N 7th Ave Apt B105,Phoenix,AZ,85013,https://www.google.com/maps/search/?api=1&query=Casey%27s%20Pro%20Window%20Cleaning%20Service%2C%203101%20N%207th%20Ave%20Apt%20B105%2C%20Phoenix%2C%20AZ%2C%2085013,,,,residential,24,,,https://www.yellowpages.com/phoenix-az/window-cleaning?page=3,yellowpages,2026-09-06T03:24:34Z,N,
CCC Window Cleaning,(602) 824-8832,https://cccwindowcleaning.com,,3019 W Phelps Rd,Phoenix,AZ,85053,"https://www.google.com/maps/place/Crystal+Clear+Choice+Window+Cleaning/@33.512398,-112.219944,9z/data=!3m1!4b1!4m6!3m5!1s0x872b6ec33c0e002f:0x79aba6ee55c0c8b7!8m2!3d33.512398!4d-112.219944!16s%2Fg%2F1pzsd5hmc?entry=ttu&g_ep=EgoyMDI2MDkwOS4wIKXMDSoASAFQAw%3D%3D",ChIJLwAOPMNuK4cRt8jAVe6mq3k,4.3,6,residential,,,,https://www.yellowpages.com/phoenix-az/window-cleaning?page=2,yellowpages,2026-09-06T03:20:00Z,N,website_enriched:verified_site_check; google_rating_enriched_2026-09-15
Choice Window Care,(623) 214-7637,,,18061 W Port Au Prince Ln,Surprise,AZ,85388,"https://www.google.com/maps/place/First+Choice+Window+Cleaning/@33.485838,-112.094617,9z/data=!3m1!4b1!4m6!3m5!1s0x6c95992ac1c243b5:0xf956f1d7b2c638b3!8m2!3d33.485838!4d-112.094617!16s%2Fg%2F11rwxh7xd2?entry=ttu&g_ep=EgoyMDI2MDkwOS4wIKXMDSoASAFQAw%3D%3D",ChIJtUPCwSqZlWwRszjGstfxVvk,5.0,55,residential,,,,https://www.yellowpages.com/surprise-az/window-cleaning,yellowpages,2026-09-06T03:23:47Z,N,google_rating_enriched_2026-09-15
Classy Window Cleaners,(480) 580-5181,https://www.classywindowcleanersllc.com,classywindowcleanersllc@gmail.com,814 E Ross Ave,Phoenix,AZ,85024,https://www.google.com/maps/search/?api=1&query=Classy%20Window%20Cleaners%2C%20814%20E%20Ross%20Ave%2C%20Phoenix%2C%20AZ%2C%2085024,,,,residential,,,,https://www.yellowpages.com/phoenix-az/window-cleaning,yellowpages,2026-09-06T03:20:00Z,N,North Phoenix
Clean D Window Cleaning,(480) 557-6219,https://cleandwindows.com,,2245 W University Dr,Tempe,AZ,85281,"https://www.google.com/maps/place/Clean+D+Window+Cleaning/@33.4212966,-111.9724135,17z/data=!3m1!4b1!4m6!3m5!1s0x872ba994e7c4824b:0x131cf44a9006a8ee!8m2!3d33.4212966!4d-111.9724135!16s%2Fg%2F1tltmvjl?entry=ttu&g_ep=EgoyMDI2MDkwOS4wIKXMDSoASAFQAw%3D%3D",0x872ba994e7c4824b:0x131cf44a9006a8ee,4.9,36,residential|commercial|high-reach,,,,https://www.yellowpages.com/tempe-az/window-cleaning,yellowpages,2026-09-06T03:23:02Z,N,website_enriched:yp_phone; google_rating_enriched_2026-09-15
Clean Everything,(602) 768-2767,,,6518 E Fairfield St,Mesa,AZ,85205,"https://www.google.com/maps/place/Clean+Everything/@33.4349469,-111.690289,17z/data=!3m1!4b1!4m6!3m5!1s0x872ba574ae78c585:0xf7b6336bd73a2af6!8m2!3d33.4349469!4d-111.690289!16s%2Fg%2F11vq14lpcg?entry=ttu&g_ep=EgoyMDI2MDkwOS4wIKXMDSoASAFQAw%3D%3D",0x872ba574ae78c585:0xf7b6336bd73a2af6,5.0,1,residential,,,,https://www.yellowpages.com/apache-junction-az/window-cleaning,yellowpages,2026-09-06T03:26:07Z,N,google_rating_enriched_2026-09-15
Clean Rite Window Service,(623) 932-0072,http://cleanritewindowservice.com,,15246 W Windward Ave,Goodyear,AZ,85395,https://www.google.com/maps/search/?api=1&query=Clean%20Rite%20Window%20Service%2C%2015246%20W%20Windward%20Ave%2C%20Goodyear%2C%20AZ%2C%2085395,,,,residential,,,,https://www.yellowpages.com/peoria-az/window-cleaning,yellowpages,2026-09-06T03:23:02Z,N,website_enriched:yp_phone
Clean Surface Pressure Washing,(480) 298-3416,https://www.cleansurfacepressurewashing.com,,4108 W Windrose Dr,Phoenix,AZ,85029,"https://www.google.com/maps/place/Clean+Surface+Pressure+Washing/@33.6016186,-112.1482144,17z/data=!3m1!4b1!4m6!3m5!1s0x872b6993010837fb:0x8ba725004c3dbd74!8m2!3d33.6016186!4d-112.1482144!16s%2Fg%2F11n5bt58q5?entry=ttu&g_ep=EgoyMDI2MDkwOS4wIKXMDSoASAFQAw%3D%3D",0x872b6993010837fb:0x8ba725004c3dbd74,5.0,186,residential|screens,,,,https://www.cleansurfacepressurewashing.com/affordable-window-cleaning-services-in-gilbert-and-chandler/,company_website,2026-09-06T03:18:28Z,N,Dual pressure wash + windows; google_rating_enriched_2026-09-15
Clean Towers,(480) 567-4394,https://www.cleantowers.com,,1635 W University Dr #127,Tempe,AZ,85281,"https://www.google.com/maps/place/Clean+Towers+Window+Cleaning/@33.420924,-111.965553,17z/data=!3m1!4b1!4m6!3m5!1s0x872b0d6e60303b13:0x9951629e92aa0722!8m2!3d33.420924!4d-111.965553!16s%2Fg%2F11c3k6dty8?entry=ttu&g_ep=EgoyMDI2MDkwOS4wIKXMDSoASAFQAw%3D%3D",0x872b0d6e60303b13:0x9951629e92aa0722,4.7,16,window cleaning,,,,https://www.cleantowers.com,company_website,2026-09-06T03:43:51Z,N,High-rise specialists; commercial_only_highrise; google_rating_enriched_2026-09-15
Clear For the Option,(480) 992-5327,https://clearfortheoption.com,,4766 E Falcon Dr,Mesa,AZ,85215,"https://www.google.com/maps/place/Clear+For+The+Option+LLC/@33.274751,-111.891768,8z/data=!3m1!4b1!4m6!3m5!1s0x64875756aa5aea1:0x11c3c76035d8c72!8m2!3d33.274751!4d-111.891768!16s%2Fg%2F11ymm8zgnm?entry=ttu&g_ep=EgoyMDI2MDkwOS4wIKXMDSoASAFQAw%3D%3D",0x64875756aa5aea1:0x11c3c76035d8c72,5.0,7,residential,,,,https://www.yellowpages.com/apache-junction-az/window-cleaning,yellowpages,2026-09-06T03:26:07Z,N,website_enriched:yp_phone; google_rating_enriched_2026-09-15
Clear Image Windows,(480) 567-8759,,,,Phoenix,AZ,,https://www.google.com/maps/search/?api=1&query=Clear%20Image%20Windows%2C%20Phoenix%2C%20AZ,,,,residential,,,,https://www.yellowpages.com/phoenix-az/window-cleaning?page=6,yellowpages,2026-09-06T03:29:41Z,N,
Clear Sky Window Care,(623) 295-2881,,,4331 N 26th St,Phoenix,AZ,85016,"https://www.google.com/maps/place/Clear+care+window+cleaning/@33.6043255,-112.1087185,10z/data=!3m1!4b1!4m6!3m5!1s0x447161ee62c36617:0xfd5df5c6dba91c27!8m2!3d33.6043256!4d-112.1087185!16s%2Fg%2F11yf6_gntm?entry=ttu&g_ep=EgoyMDI2MDkwOS4wIKXMDSoASAFQAw%3D%3D",ChIJF2bDYu5hcUQRJxyp28b1Xf0,5.0,19,residential,,,,https://www.yellowpages.com/phoenix-az/window-cleaning,yellowpages,2026-09-06T03:20:00Z,N,google_rating_enriched_2026-09-15
CLEAR SOLUTIONS AZ,(480) 217-1082,,,8505 E Helena Dr,Phoenix,AZ,85032,"https://www.google.com/maps/place/Clear+Solutions+AZ+LLC./@34.1680349,-111.9307474,7z/data=!3m1!4b1!4m6!3m5!1s0x872b719929011b7b:0x94b57d085b0af21c!8m2!3d34.168035!4d-111.9307474!16s%2Fg%2F11clv6s6z5?entry=ttu&g_ep=EgoyMDI2MDkwOS4wIKXMDSoASAFQAw%3D%3D",0x872b719929011b7b:0x94b57d085b0af21c,3.5,4,residential,,,,https://www.yellowpages.com/phoenix-az/window-cleaning?page=2,yellowpages,2026-09-06T03:20:00Z,N,google_rating_enriched_2026-09-15
Clear Vision Window Wash,(480) 926-7898,,,1015 E Hampton Ave,Mesa,AZ,85204,https://www.google.com/maps/search/?api=1&query=Clear%20Vision%20Window%20Wash%2C%201015%20E%20Hampton%20Ave%2C%20Mesa%2C%20AZ%2C%2085204,,,,residential,,,,https://www.yellowpages.com/phoenix-az/window-cleaning?page=9,yellowpages,2026-09-06T03:34:54Z,N,
Clear Window Solutions,(480) 867-5222,,,1428 N Horne St,Gilbert,AZ,85233,https://www.google.com/maps/search/?api=1&query=Clear%20Window%20Solutions%2C%201428%20N%20Horne%20St%2C%20Gilbert%2C%20AZ%2C%2085233,,,,residential,,,,https://www.yellowpages.com/gilbert-az/window-cleaning,yellowpages,2026-09-06T03:20:55Z,N,
Clear Windows,(623) 932-3757,,,15524 W Supai Cir,Goodyear,AZ,85338,"https://www.google.com/maps/place/Clear+Cut+Glass+%26+Tint/@33.548425,-112.283716,17z/data=!3m1!4b1!4m6!3m5!1s0x872b41eb83ee8e27:0xcfd2c0800b0dac12!8m2!3d33.548425!4d-112.283716!16s%2Fg%2F1vqmjvd3?entry=ttu&g_ep=EgoyMDI2MDkwOS4wIKXMDSoASAFQAw%3D%3D",ChIJJ47ug-tBK4cREqwNC4DA0s8,4.9,797,residential,,,,https://www.yellowpages.com/buckeye-az/window-cleaning,yellowpages,2026-09-06T03:24:34Z,N,google_rating_enriched_2026-09-15
Clearco Blind & Window Clean,(480) 890-8500,https://goclearco.com,,2044 S Don Carlos,Mesa,AZ,85202,"https://www.google.com/maps/place/Clearco+Window+%26+Carpet+Cleaning/@33.3801325,-111.8119286,17z/data=!3m1!4b1!4m6!3m5!1s0x872b07cfd2b02649:0x7febbcd375491dbf!8m2!3d33.3801325!4d-111.8119286!16s%2Fg%2F1tp_6vyn?entry=ttu&g_ep=EgoyMDI2MDkwOS4wIKXMDSoASAFQAw%3D%3D",0x872b07cfd2b02649:0x7febbcd375491dbf,4.8,219,residential,,,,https://www.yellowpages.com/phoenix-az/window-cleaning?page=8,yellowpages,2026-09-06T03:30:58Z,N,also Clearco Mesa 1815 W 1st Ave same phone; website_enriched:clearco_brand; google_rating_enriched_2026-09-15
Clearco Window & Carpet Cleaning,(480) 467-3400,https://goclearco.com,info@goclearco.com,"916 East Baseline Road, Suite 121",Mesa,AZ,85204,https://www.google.com/maps/search/?api=1&query=Clearco%20Window%20%26%20Carpet%20Cleaning%2C%20916%20East%20Baseline%20Road%2C%20Suite%20121%2C%20Mesa%2C%20AZ%2C%2085204,,4.7,443,residential|commercial|screens|solar-panels,23,,,https://threebestrated.com/window-cleaners-in-mesa-az,threebestrated,2026-09-06T03:18:28Z,N,Also (480) 890-8500; IWCA member claimed
Clearco Window Cleaning (Tempe 1st St),(480) 366-4828,https://goclearco.com,,1815 W 1st St,Tempe,AZ,85281,https://www.google.com/maps/search/?api=1&query=Clearco%20Window%20Cleaning%20%28Tempe%201st%20St%29%2C%201815%20W%201st%20St%2C%20Tempe%2C%20AZ%2C%2085281,,,,residential,,,,https://www.yellowpages.com/tempe-az/window-cleaning,yellowpages,2026-09-06T03:23:02Z,N,Distinct Clearco phone from Mesa HQ; website_enriched:clearco_brand
Clearly Professional Window Cleaning,(480) 466-1202,https://clearlyprofessionalwindowcleaning.com,ContactUs@cpwindowcleaning.com,7501 S Mcallister Ave,Mesa,AZ,85283,https://www.google.com/maps/search/?api=1&query=Clearly%20Professional%20Window%20Cleaning%2C%20Mesa%2C%20AZ,,,,residential|commercial|screens,16,,,https://clearlyprofessionalwindowcleaning.com/,company_website,2026-09-06T03:18:28Z,N,East Valley since 2010
ClearPro Window & Carpet Cleaning,(480) 459-5644,https://clearproclean.com,,519 W Lone Cactus Dr Ste 402,Phoenix,AZ,85027,"https://www.google.com/maps/place/ClearPro+Window+%26+Carpet+Cleaning/@33.6328575,-112.1087185,10z/data=!3m1!4b1!4m6!3m5!1s0x872b6f9719ef80ef:0x2247ff11e35985cc!8m2!3d33.6328576!4d-112.1087185!16s%2Fg%2F124ypl0mn?entry=ttu&g_ep=EgoyMDI2MDkwOS4wIKXMDSoASAFQAw%3D%3D",0x872b6f9719ef80ef:0x2247ff11e35985cc,4.9,102,residential,,,,https://www.yellowpages.com/phoenix-az/window-cleaning?page=4,yellowpages,2026-09-06T03:26:07Z,N,phone enrichment; google_rating_enriched_2026-09-15
Cloud 9 Window Cleaning,(480) 331-1165,https://cloud9windows.com/,,12519 E Via De Palmas,Chandler,AZ,85249,"https://www.google.com/maps/place/Cloud+9+Windows/@33.5805664,-112.094617,10z/data=!3m1!4b1!4m6!3m5!1s0x872bab6e943aaaab:0x87046f7a3b91d249!8m2!3d33.5805664!4d-112.094617!16s%2Fg%2F11rxh_0k27?entry=ttu&g_ep=EgoyMDI2MDkwOS4wIKXMDSoASAFQAw%3D%3D",0x872bab6e943aaaab:0x87046f7a3b91d249,4.9,70,residential,17,,,https://www.yellowpages.com/queen-creek-az/window-cleaning,yellowpages,2026-09-06T03:23:47Z,N,website_enriched:houzz_listed_phone_match; google_rating_enriched_2026-09-15
Commercial Panes of Arizona,(480) 800-4650,,,6136 W Fairmount Ave,Phoenix,AZ,85033,https://www.google.com/maps/search/?api=1&query=Commercial%20Panes%20of%20Arizona%2C%206136%20W%20Fairmount%20Ave%2C%20Phoenix%2C%20AZ%2C%2085033,,,,commercial,,,,https://www.yellowpages.com/phoenix-az/window-cleaning?page=4,yellowpages,2026-09-06T03:26:07Z,N,commercial window maintenance specialty
Complete Solar Cleaning,(623) 272-2812,https://completesolarcleaning.com,Natalie@completesolarcleaning.com,,San Tan Valley,AZ,85143,"https://www.google.com/maps/place/SanTan+Solar/@33.2814988,-111.7769623,17z/data=!3m1!4b1!4m6!3m5!1s0x872ba9208df2adaf:0xcdad41cdaf060407!8m2!3d33.2814988!4d-111.7769623!16s%2Fg%2F11h37t8nvl?entry=ttu&g_ep=EgoyMDI2MDkwOS4wIKXMDSoASAFQAw%3D%3D",ChIJr63yjSCpK4cRBwQGr81Brc0,4.8,604,residential|solar-panels,,,,https://completesolarcleaning.com/,company_website,2026-09-06T03:23:02Z,N,East Valley edge ZIP 851; google_rating_enriched_2026-09-15
Consider It Clean,(623) 476-8040,,,14614 W Watson Ln,Surprise,AZ,85379,"https://www.google.com/maps/place/Consider+it+Clean!/@33.2766146,-112.1874899,9z/data=!3m1!4b1!4m6!3m5!1s0x872b44e4650701f9:0x8e3abc8edf651e5f!8m2!3d33.2766146!4d-112.18749!16s%2Fg%2F1pp2xbrgk?entry=ttu&g_ep=EgoyMDI2MDkwOS4wIKXMDSoASAFQAw%3D%3D",0x872b44e4650701f9:0x8e3abc8edf651e5f,5.0,2,residential,16,,,https://www.yellowpages.com/peoria-az/window-cleaning,yellowpages,2026-09-06T03:23:02Z,N,google_rating_enriched_2026-09-15
Contemporary Window Cleaning,,,,,Phoenix,AZ,85001,https://www.google.com/maps/search/?api=1&query=Contemporary%20Window%20Cleaning%2C%20Phoenix%2C%20AZ%2C%2085001,,,,residential,,,,https://www.homeyou.com/az/window-washing-phoenix-costs,homeyou,2026-09-06T03:20:00Z,N,phone unverified
Cooks Window Cleaning,(602) 625-0506,,,,Phoenix,AZ,,"https://www.google.com/maps/place/Cooks+Window+Cleaning/@33.595039,-112.0989568,17z/data=!3m1!4b1!4m6!3m5!1s0x872b6d21af1ae4c1:0x30cf051fa4f6c724!8m2!3d33.595039!4d-112.0989568!16s%2Fg%2F11h891p00f?entry=ttu&g_ep=EgoyMDI2MDkwOS4wIKXMDSoASAFQAw%3D%3D",0x872b6d21af1ae4c1:0x30cf051fa4f6c724,5.0,4,residential,,,,https://www.yellowpages.com/phoenix-az/window-cleaning?page=6,yellowpages,2026-09-06T03:29:41Z,N,google_rating_enriched_2026-09-15
Copper Clean,(480) 305-0217,,,E Hunt Hwy,San Tan Valley,AZ,85143,"https://www.google.com/maps/place/Copper+Clean/@33.274751,-111.891768,8z/data=!3m1!4b1!4m6!3m5!1s0x872a48ecf3eadbe9:0x3886cbb14ab049f0!8m2!3d33.274751!4d-111.891768!16s%2Fg%2F11f2xj_nr2?entry=ttu&g_ep=EgoyMDI2MDkwOS4wIKXMDSoASAFQAw%3D%3D",0x872a48ecf3eadbe9:0x3886cbb14ab049f0,3.7,3,residential,9,,,https://www.yellowpages.com/queen-creek-az/window-cleaning,yellowpages,2026-09-06T03:23:47Z,N,google_rating_enriched_2026-09-15
Cousins Window Cleaning,(623) 263-4926,https://cousinswindowcleaning.com,,16801 S 8th St,Phoenix,AZ,85048,https://www.google.com/maps/search/?api=1&query=Cousins%20Window%20Cleaning%2C%2016801%20S%208th%20St%2C%20Phoenix%2C%20AZ%2C%2085048,,,,residential,,,,https://www.yellowpages.com/phoenix-az/window-cleaning?page=2,yellowpages,2026-09-06T03:20:00Z,N,Ahwatukee/South Mountain area website_enriched:verified_site
Cratus LLC,(480) 223-7814,,,PO Box 75,Gilbert,AZ,85236,https://www.google.com/maps/search/?api=1&query=Cratus%20LLC%2C%20PO%20Box%2075%2C%20Higley%2C%20AZ%2C%2085236,,,,residential,16,,,https://www.yellowpages.com/queen-creek-az/window-cleaning,yellowpages,2026-09-06T03:23:47Z,N,normalize Higley→Gilbert/Mesa corridor; kept city Higley in notes if needed; city_listed=Higley (normalize to Gilbert/Mesa corridor)
Cris's Cleaning Services LLC,(602) 574-3916,https://crisscleaningservicesllc.com,info@crisscleaningservicesllc.com,15411 W Waddell Rd,Surprise,AZ,85379,"https://www.google.com/maps/place/Cris's+Cleaning+Services,+LLC/@33.5689152,-112.1087897,17z/data=!3m1!4b1!4m6!3m5!1s0x872b45c1329bbcc5:0xf8e580a14b2c9de9!8m2!3d33.5689152!4d-112.1087897!16s%2Fg%2F11h0350pxm?entry=ttu&g_ep=EgoyMDI2MDkwOS4wIKXMDSoASAFQAw%3D%3D",0x872b45c1329bbcc5:0xf8e580a14b2c9de9,4.6,469,residential,,,,https://crisscleaningservicesllc.com/,company_website,2026-09-06T03:27:05Z,N,also Phoenix office 9034 N 23rd Ave; markets window cleaning; google_rating_enriched_2026-09-15
Crystal Vista Window Cleaning,(480) 269-0460,https://crystalvistacleaning.com/,,,Scottsdale,AZ,,"https://www.google.com/maps/place/Crystal+Vista+Cleaning+Services+LLC/@33.6740745,-111.85843,10z/data=!3m1!4b1!4m6!3m5!1s0x2f16d07f55983f21:0x48b9ce0d18686d5a!8m2!3d33.6740745!4d-111.85843!16s%2Fg%2F11x691x33c?entry=ttu&g_ep=EgoyMDI2MDkwOS4wIKXMDSoASAFQAw%3D%3D",0x2f16d07f55983f21:0x48b9ce0d18686d5a,5.0,3,window cleaning,,,,https://crystalvistacleaning.com/,company_website,2026-09-06T03:50:29Z,N,North Phoenix / Cave Creek / Carefree; google_rating_enriched_2026-09-15
CTB Windows LLC,(602) 234-2829,,,3310 W Bell Rd,Phoenix,AZ,85053,"https://www.google.com/maps/place/Vista+Windows+and+Doors/@33.3522658,-111.840436,17z/data=!3m1!4b1!4m6!3m5!1s0x872b0d4719d699ff:0xb66780356d0ce0ee!8m2!3d33.3522658!4d-111.840436!16s%2Fg%2F11vx4qzkfr?entry=ttu&g_ep=EgoyMDI2MDkwOS4wIKXMDSoASAFQAw%3D%3D",ChIJ_5nWGUcNK4cR7uAMbTWAZ7Y,5.0,51,commercial,16,,,https://www.yellowpages.com/phoenix-az/window-cleaning?page=4,yellowpages,2026-09-06T03:26:07Z,N,google_rating_enriched_2026-09-15
Cute C Carpet and Window Cleaning,(602) 545-2025,,,12594 W Amelia Ave,Avondale,AZ,85392,"https://www.google.com/maps/place/Sun+Valley+Carpet+Care/@33.485838,-112.3495286,9z/data=!3m1!4b1!4m6!3m5!1s0x8e8eb25e25217859:0x62915645bd56bce8!8m2!3d33.485838!4d-112.3495286!16s%2Fg%2F11vl441n8m?entry=ttu&g_ep=EgoyMDI2MDkwOS4wIKXMDSoASAFQAw%3D%3D",0x8e8eb25e25217859:0x62915645bd56bce8,5.0,146,residential,,,,https://www.yellowpages.com/sun-city-az/window-cleaning,yellowpages,2026-09-06T03:27:54Z,N,dual carpet + windows; google_rating_enriched_2026-09-15
D&C Window Cleaning,(623) 688-3150,,,13940 W Meeker Blvd,Sun City West,AZ,85375,https://www.google.com/maps/search/?api=1&query=D%26C%20Window%20Cleaning%2C%2013940%20W%20Meeker%20Blvd%2C%20Sun%20City%20West%2C%20AZ%2C%2085375,,,,residential,17,,,https://www.yellowpages.com/surprise-az/window-cleaning,yellowpages,2026-09-06T03:23:47Z,N,
Dakota Window Cleaning,(480) 707-2459,,,1143 W Windhaven Ave,Gilbert,AZ,85233,https://www.google.com/maps/search/?api=1&query=Dakota%20Window%20Cleaning%2C%201143%20W%20Windhaven%20Ave%2C%20Gilbert%2C%20AZ%2C%2085233,,,,residential,19,,,https://www.yellowpages.com/gilbert-az/window-cleaning,yellowpages,2026-09-06T03:20:55Z,N,
DC Window Washing,(480) 857-7866,,,9622 N 43rd Way,Phoenix,AZ,85028,https://www.google.com/maps/search/?api=1&query=DC%20Window%20Washing%2C%209622%20N%2043rd%20Way%2C%20Phoenix%2C%20AZ%2C%2085028,,,,residential|screens,21,,,https://www.yellowpages.com/phoenix-az/window-cleaning,yellowpages,2026-09-06T03:20:00Z,N,YP text mentions Chandler service
Delux Window Cleaners and Power Washing,(480) 859-3286,,,11596 W Sierra Dawn Blvd,Surprise,AZ,85378,"https://www.google.com/maps/place/DELUX+WINDOW+CLEANING/@33.6363181,-112.310138,17z/data=!3m1!4b1!4m6!3m5!1s0x872b4340808bea2f:0xf3034fbdab54a36c!8m2!3d33.6363181!4d-112.310138!16s%2Fg%2F11f1222nb9?entry=ttu&g_ep=EgoyMDI2MDkwOS4wIKXMDSoASAFQAw%3D%3D",0x872b4340808bea2f:0xf3034fbdab54a36c,5.0,9,residential,,,,https://www.yellowpages.com/peoria-az/window-cleaning,yellowpages,2026-09-06T03:23:02Z,N,google_rating_enriched_2026-09-15
Denton Window Washing,(602) 769-6257,,,6635 W Happy Valley Rd,Glendale,AZ,85310,https://www.google.com/maps/search/?api=1&query=Denton%20Window%20Washing%2C%206635%20W%20Happy%20Valley%20Rd%2C%20Glendale%2C%20AZ%2C%2085310,,,,residential,,,,https://www.yellowpages.com/glendale-az/window-cleaning,yellowpages,2026-09-06T03:23:02Z,N,
DePalmas Residential Services,(602) 699-4878,https://depalmasresidentialservices.com,,,Goodyear,AZ,85395,"https://www.google.com/maps/place/DePalmas+Residential+Services/@33.485838,-112.2724374,9z/data=!3m1!4b1!4m6!3m5!1s0x872b3967d963ef33:0xea000ec4b5fd0965!8m2!3d33.485838!4d-112.2724374!16s%2Fg%2F11jccnb1bj?entry=ttu&g_ep=EgoyMDI2MDkwOS4wIKXMDSoASAFQAw%3D%3D",0x872b3967d963ef33:0xea000ec4b5fd0965,5.0,49,residential,,,,https://www.yellowpages.com/buckeye-az/window-cleaning,yellowpages,2026-09-06T03:24:34Z,N,phone enrichment; google_rating_enriched_2026-09-15
Desert Family Window Cleaning,(480) 201-3051,http://www.desertfamilywindowcleaning.com/,,,Mesa,AZ,,"https://www.google.com/maps/place/Painted+Desert+Property+Services/@33.518261,-111.8950935,10z/data=!3m1!4b1!4m6!3m5!1s0x2a849f66e6321957:0xb242251df357ecfe!8m2!3d33.518261!4d-111.8950935!16s%2Fg%2F11y9cw989h?entry=ttu&g_ep=EgoyMDI2MDkwOS4wIKXMDSoASAFQAw%3D%3D",ChIJVxky5mafhCoR_uxX8x0lQrI,5.0,25,window cleaning,,,,http://www.desertfamilywindowcleaning.com/,company_website,2026-09-06T04:05:38Z,N,added_with_website_verified; google_rating_enriched_2026-09-15
Desert Glow Home Services,(480) 349-8547,https://www.desertglowhomes.com,,20816 N 88th Ln,Peoria,AZ,85382,"https://www.google.com/maps/place/Desert+Glow+Home+Services/@33.672759,-112.2502898,17z/data=!3m1!4b1!4m6!3m5!1s0x5cfbb5d838c467f:0x373bf09519440025!8m2!3d33.672759!4d-112.2502898!16s%2Fg%2F11y6bfkbdg?entry=ttu&g_ep=EgoyMDI2MDkwOS4wIKXMDSoASAFQAw%3D%3D",0x5cfbb5d838c467f:0x373bf09519440025,5.0,63,residential|commercial|screens,,,,https://www.yellowpages.com/peoria-az/window-cleaning,yellowpages,2026-09-06T03:23:02Z,N,website_enriched:yp_phone; google_rating_enriched_2026-09-15
Desert Heat Window Wash,(480) 848-4080,https://desertheatwindowwash.com/,,41231 N Jackrabbit Rd,San Tan Valley,AZ,85140,"https://www.google.com/maps/place/Desert+Heat+Window+Wash/@32.9626839,-111.6678275,8z/data=!3m1!4b1!4m6!3m5!1s0x872a537392cfffff:0x8fcef45b0b91383f!8m2!3d32.962684!4d-111.6678276!16s%2Fg%2F1q5hrrl4l?entry=ttu&g_ep=EgoyMDI2MDkwOS4wIKXMDSoASAFQAw%3D%3D",0x872a537392cfffff:0x8fcef45b0b91383f,4.9,53,residential,,,,https://www.yellowpages.com/queen-creek-az/window-cleaning,yellowpages,2026-09-06T03:23:47Z,N,website_enriched:verified_phone; google_rating_enriched_2026-09-15
Desert Vista Window Cleaning,(623) 215-5308,https://desertvistawc.com/,,,Phoenix,AZ,,"https://www.google.com/maps/place/Desert+Vista+Exterior+Cleaning+LLC/@33.6043255,-112.0798025,10z/data=!3m1!4b1!4m6!3m5!1s0xaf65779827f12e05:0x7978e408270856b2!8m2!3d33.6043256!4d-112.0798024!16s%2Fg%2F11vhzzlszy?entry=ttu&g_ep=EgoyMDI2MDkwOS4wIKXMDSoASAFQAw%3D%3D",ChIJBS7xJ5h3Za8RslYIJwjkeHk,5.0,39,window cleaning,,,,https://desertvistawc.com/,company_website,2026-09-06T04:06:05Z,N,added_with_website_verified; google_rating_enriched_2026-09-15
Diamond House Window Cleaning & Power Washing,(602) 882-9666,https://diamondhouseservices.com,,4329 E Muriel Dr,Phoenix,AZ,85032,"https://www.google.com/maps/place/Diamond+LLC/@33.6458844,-111.9887884,17z/data=!3m1!4b1!4m6!3m5!1s0x872b717494517b59:0x9fe1f8a62d1c2eed!8m2!3d33.6458844!4d-111.9887884!16s%2Fg%2F11t40yhy6y?entry=ttu&g_ep=EgoyMDI2MDkwOS4wIKXMDSoASAFQAw%3D%3D",0x872b717494517b59:0x9fe1f8a62d1c2eed,5.0,16,residential,,,,https://www.yellowpages.com/phoenix-az/window-cleaning?page=2,yellowpages,2026-09-06T03:20:00Z,N,website_enriched:verified_site; google_rating_enriched_2026-09-15
Diamond Window & Pressure Washing,(480) 668-7588,,,642 E Bridgeport Pkwy,Gilbert,AZ,85295,"https://www.google.com/maps/place/Diamondback+Pressure+Washing/@33.3156585,-111.7223609,11z/data=!3m1!4b1!4m6!3m5!1s0x443a1e26f465f2f1:0x7d889419f1ad3ac9!8m2!3d33.3156585!4d-111.722361!16s%2Fg%2F11nb6xfhvv?entry=ttu&g_ep=EgoyMDI2MDkwOS4wIKXMDSoASAFQAw%3D%3D",ChIJ8fJl9CYeOkQRyTqt8RmUiH0,5.0,9,residential,,,,https://www.yellowpages.com/gilbert-az/window-cleaning,yellowpages,2026-09-06T03:20:55Z,N,google_rating_enriched_2026-09-15
Discount Window Cleaners,(602) 510-4116,,,4236 E Mariposa St,Phoenix,AZ,85018,https://www.google.com/maps/search/?api=1&query=Discount%20Window%20Cleaners%2C%204236%20E%20Mariposa%20St%2C%20Phoenix%2C%20AZ%2C%2085018,,,,residential|commercial,11,,,https://www.yellowpages.com/phoenix-az/window-cleaning?page=4,yellowpages,2026-09-06T03:26:07Z,N,
DM Window Cleaning Mesa,(480) 253-9299,https://www.dm-az.com,,202 North Lindsay Rd Ste 105,Mesa,AZ,85213,https://www.google.com/maps/search/?api=1&query=DM%20Window%20Cleaning%20Mesa%2C%20202%20North%20Lindsay%20Rd%20Ste%20105%2C%20Mesa%2C%20AZ%2C%2085213,,,,residential,,,,https://www.dm-az.com/post/what-window-cleaning-really-costs-for-mesa-homes,company_website,2026-09-06T03:18:28Z,N,Mesa local blog/business site
Done Rite Window Cleaning,(623) 523-9949,https://doneritewindowcleaning.com/,,15898 N 172nd,Surprise,AZ,85388,https://www.google.com/maps/search/?api=1&query=Done%20Rite%20Window%20Cleaning%2C%2015898%20N%20172nd%2C%20Surprise%2C%20AZ%2C%2085388,,,,residential,,,,https://www.yellowpages.com/surprise-az/window-cleaning,yellowpages,2026-09-06T03:23:47Z,N,website_enriched:company_site
Drip Home Service,(480) 605-0550,,,21035 E Estrella Rd,Queen Creek,AZ,85142,"https://www.google.com/maps/place/Drip+Home+Service/@33.1455151,-111.6367969,10z/data=!3m1!4b1!4m6!3m5!1s0x2b2e80dc12b144b:0x72297c28da0acbe5!8m2!3d33.145515!4d-111.636797!16s%2Fg%2F11vc2q6gjy?entry=ttu&g_ep=EgoyMDI2MDkwOS4wIKXMDSoASAFQAw%3D%3D",ChIJSxQrwQ3osgIR5csK2ih8KXI,5.0,17,residential,,,,https://www.yellowpages.com/queen-creek-az/window-cleaning,yellowpages,2026-09-06T03:23:47Z,N,google_rating_enriched_2026-09-15
Dusty N Dirty LLC,(623) 444-8414,,,Litchfield Manor,Surprise,AZ,85379,https://www.google.com/maps/search/?api=1&query=Dusty%20N%20Dirty%20LLC%2C%20Litchfield%20Manor%2C%20Surprise%2C%20AZ%2C%2085379,,,,residential,18,,,https://www.yellowpages.com/surprise-az/window-cleaning,yellowpages,2026-09-06T03:23:47Z,N,janitorial + windows
Dutch Touch Cleaning Service,(928) 231-7015,https://dutchtouchwindowcleaning.com,,,Goodyear,AZ,,"https://www.google.com/maps/place/Dutch+Touch+Window+Cleaning/@33.5881431,-112.4285475,17z/data=!3m1!4b1!4m6!3m5!1s0xcd795bbde97f38b:0xfe7647095e762207!8m2!3d33.5881431!4d-112.4285475!16s%2Fg%2F11l75sy9xv?entry=ttu&g_ep=EgoyMDI2MDkwOS4wIKXMDSoASAFQAw%3D%3D",ChIJi_OX3ruV1wwRByJ2XglHdv4,4.9,26,residential,26,,,https://www.yellowpages.com/goodyear-az/window-cleaning,yellowpages,2026-09-06T03:27:05Z,N,serving Goodyear area; distinct from Dutch Touch Window Cleaning Surprise website_enriched:yp_prior; google_rating_enriched_2026-09-15
Dutch Touch Window Cleaning,(623) 455-5911,https://dutchtouchwindowcleaning.com,customerservice@dutchtouchwindowcleaning.com,17174 W Gracemont St,Surprise,AZ,85388,"https://www.google.com/maps/place/Dutch+Touch+Window+Cleaning/@33.5881431,-112.4285475,17z/data=!3m1!4b1!4m6!3m5!1s0xcd795bbde97f38b:0xfe7647095e762207!8m2!3d33.5881431!4d-112.4285475!16s%2Fg%2F11l75sy9xv?entry=ttu&g_ep=EgoyMDI2MDkwOS4wIKXMDSoASAFQAw%3D%3D",0xcd795bbde97f38b:0xfe7647095e762207,4.9,26,residential,,,,https://www.yellowpages.com/peoria-az/window-cleaning,yellowpages,2026-09-06T03:23:02Z,N,Family owned since 1989; google_rating_enriched_2026-09-15
EcoShine Solutions,,https://eco-shine-solutions.com,,,Phoenix,AZ,,,,,,residential|screens|solar-panels,,,,https://eco-shine-solutions.com/,company_website,2026-09-06T03:23:02Z,N,phone unverified
EJ Window Cleaning,(480) 493-2484,,,PO Box 71292,Phoenix,AZ,85050,https://www.google.com/maps/search/?api=1&query=EJ%20Window%20Cleaning%2C%20PO%20Box%2071292%2C%20Phoenix%2C%20AZ%2C%2085050,,,,residential,9,,,https://www.yellowpages.com/phoenix-az/window-cleaning,yellowpages,2026-09-06T03:20:00Z,N,Husband-wife team Erica & James Zwolinski; North Phoenix
Elite Window Cleaning,(602) 790-5909,,,224 E Chilton Dr Ste 7,Chandler,AZ,85225,"https://www.google.com/maps/place/Elite+Window+Cleaning/@33.354863,-111.8384122,17z/data=!3m1!4b1!4m6!3m5!1s0x872ba61073c63329:0x207cb8c37d05377e!8m2!3d33.354863!4d-111.8384122!16s%2Fg%2F1tfctpl_?entry=ttu&g_ep=EgoyMDI2MDkwOS4wIKXMDSoASAFQAw%3D%3D",0x872ba61073c63329:0x207cb8c37d05377e,3.7,3,residential,,,,https://www.yellowpages.com/phoenix-az/window-cleaning?page=9,yellowpages,2026-09-06T03:34:54Z,N,google_rating_enriched_2026-09-15
Evelyn's Cleaning Service,(602) 371-8583,,,10636 North Cave Creek Road,Phoenix,AZ,85020,"https://www.google.com/maps/place/Evelyn's+Cleaning+Service+Inc/@33.5835024,-112.0511251,17z/data=!3m1!4b1!4m6!3m5!1s0x872b6d86e5e941b1:0xd4f0f48c04fb4729!8m2!3d33.5835024!4d-112.0511251!16s%2Fg%2F11c1jhcqwb?entry=ttu&g_ep=EgoyMDI2MDkwOS4wIKXMDSoASAFQAw%3D%3D",0x872b6d86e5e941b1:0xd4f0f48c04fb4729,5.0,20,residential|commercial,,,,https://www.bbb.org/us/az/phoenix/profile/janitor-service/evelyns-cleaning-service-1126-1000007896,bbb,2026-09-06T03:18:28Z,N,BBB lists window cleaning; North Phoenix; google_rating_enriched_2026-09-15
Faithful Window Cleaning,,,,15016 N 27th Dr,Phoenix,AZ,85053,https://www.google.com/maps/search/?api=1&query=Faithful%20Window%20Cleaning%2C%2015016%20N%2027th%20Dr%2C%20Phoenix%2C%20AZ%2C%2085053,,,,residential,,,,https://www.homeyou.com/az/window-washing-phoenix-costs,homeyou,2026-09-06T03:20:00Z,N,phone unverified
Fish Window Cleaning - Chandler / East Valley,(480) 962-4688,https://www.fishwindowcleaning.com/Chandler-AZ-3276/,,600 W Ray Road Suite B7,Chandler,AZ,85225,"https://www.google.com/maps/place/Fish+Window+Cleaning/@33.3209731,-111.8508459,17z/data=!3m1!4b1!4m6!3m5!1s0x872b012adb428711:0xd59337fe79a83fe8!8m2!3d33.3209731!4d-111.8508459!16s%2Fg%2F1tkq_qsj?entry=ttu&g_ep=EgoyMDI2MDkwOS4wIKXMDSoASAFQAw%3D%3D",0x872b012adb428711:0xd59337fe79a83fe8,4.8,26,residential|commercial,,,,https://www.fishwindowcleaning.com/Chandler-AZ-3276/,company_website,2026-09-06T03:18:28Z,Y,Owners Cassandra & Joseph Gallegos; serves Chandler Gilbert Tempe; google_rating_enriched_2026-09-15
Fish Window Cleaning - Glendale / West Valley,(602) 975-8411,https://www.fishwindowcleaning.com/,,14021 N 51st Ave Ste 103,Glendale,AZ,85306,https://www.google.com/maps/search/?api=1&query=Fish%20Window%20Cleaning%20-%20Glendale%20/%20West%20Valley%2C%2014021%20N%2051st%20Ave%20Ste%20103%2C%20Glendale%2C%20AZ%2C%2085306,,,,residential,,,,https://www.yellowpages.com/peoria-az/window-cleaning,yellowpages,2026-09-06T03:23:02Z,Y,
Fish Window Cleaning - Phoenix / North Scottsdale,(602) 441-2566,https://www.fishwindowcleaning.com/Phoenix-AZ-3006/,,13026 N Cave Creek Rd #106,Phoenix,AZ,85022,https://www.google.com/maps/search/?api=1&query=Fish%20Window%20Cleaning%20-%20Phoenix%20/%20North%20Scottsdale%2C%2013026%20N%20Cave%20Creek%20Rd%20%23106%2C%20Phoenix%2C%20AZ%2C%2085022,,,,residential|commercial,,,,https://www.fishwindowcleaning.com/Phoenix-AZ-3006/,company_website,2026-09-06T03:18:28Z,Y,Owner Earle Smith; North Phoenix / Cave Creek corridor; North Phoenix page eligible
Fish Window Cleaning - Tempe / Old Town Scottsdale / Mesa,(623) 887-9795,https://www.fishwindowcleaning.com/Tempe-AZ-3279/,,738 South Perry Lane,Tempe,AZ,85288,"https://www.google.com/maps/place/Fish+Window+Cleaning/@33.4229008,-111.9055473,17z/data=!3m1!4b1!4m6!3m5!1s0x872b091561b87765:0x682fbc972134ecd1!8m2!3d33.4229008!4d-111.9055473!16s%2Fg%2F11x0gf6qn4?entry=ttu&g_ep=EgoyMDI2MDkwOS4wIKXMDSoASAFQAw%3D%3D",0x872b091561b87765:0x682fbc972134ecd1,4.7,14,residential|commercial,,,,https://www.fishwindowcleaning.com/Tempe-AZ-3279/,company_website,2026-09-06T03:18:28Z,Y,Owner Justin Guidi; google_rating_enriched_2026-09-15
Five Star Renovations Window Cleaning,(480) 247-3552,,,4104 E Broadway Rd,Mesa,AZ,85206,"https://www.google.com/maps/place/Five+Star+Remodeling+and+Restoration/@33.1453445,-111.779623,10z/data=!3m1!4b1!4m6!3m5!1s0x27c57d836d9876c5:0x73c8077e88c03e93!8m2!3d33.1453446!4d-111.779623!16s%2Fg%2F11xdt2h9sp?entry=ttu&g_ep=EgoyMDI2MDkwOS4wIKXMDSoASAFQAw%3D%3D",ChIJxXaYbYN9xScRkz7AiH4HyHM,5.0,15,residential,,,,https://www.yellowpages.com/apache-junction-az/window-cleaning,yellowpages,2026-09-06T03:26:07Z,N,verify window vs remodel primary; google_rating_enriched_2026-09-15
FNST LLC (Father and Son Team),(480) 729-0498,http://www.fnst.info,,3716 W Barnes Ln,Phoenix,AZ,85051,"https://www.google.com/maps/place/FNST+LLC+-+Father+and+Son+Team/@33.5694476,-112.1400175,17z/data=!3m1!4b1!4m6!3m5!1s0x872b6d5fff7e92b5:0x9aa48ce64230edb7!8m2!3d33.5694476!4d-112.1400175!16s%2Fg%2F11h7q6nvf6?entry=ttu&g_ep=EgoyMDI2MDkwOS4wIKXMDSoASAFQAw%3D%3D",0x872b6d5fff7e92b5:0x9aa48ce64230edb7,5.0,1,residential,,,,https://www.yellowpages.com/phoenix-az/window-cleaning,yellowpages,2026-09-06T03:20:00Z,N,website_enriched:yp_phone; google_rating_enriched_2026-09-15
Fountain Hills Window Cleaning,(480) 816-1132,,,16528 E Gunsight Dr,Fountain Hills,AZ,85268,https://www.google.com/maps/search/?api=1&query=Fountain%20Hills%20Window%20Cleaning%2C%2016528%20E%20Gunsight%20Dr%2C%20Fountain%20Hills%2C%20AZ%2C%2085268,,,,residential,,,,https://www.yellowpages.com/fountain-hills-az/window-cleaning,yellowpages,2026-09-06T03:24:34Z,N,
Four Peaks Window Cleaning,(480) 489-2141,https://www.fourpeakscompany.com,,3758 E Phelps St,Gilbert,AZ,85295,"https://www.google.com/maps/place/Four+Peaks+Window+Cleaning,+LLC/@33.3156585,-111.688533,11z/data=!3m1!4b1!4m6!3m5!1s0x872badd6d4894125:0x26c3ac5c628027f2!8m2!3d33.3156585!4d-111.688533!16s%2Fg%2F11hj64kkmx?entry=ttu&g_ep=EgoyMDI2MDkwOS4wIKXMDSoASAFQAw%3D%3D",0x872badd6d4894125:0x26c3ac5c628027f2,5.0,46,residential,,,,https://www.yellowpages.com/gilbert-az/window-cleaning,yellowpages,2026-09-06T03:20:55Z,N,website_enriched:yp_phone; google_rating_enriched_2026-09-15
Fresh Outlook Windows,(480) 908-3400,https://freshoutlookwindows.com/,,,Queen Creek,AZ,,https://www.google.com/maps/search/?api=1&query=Fresh%20Outlook%20Windows%2C%20Queen%20Creek%2C%20AZ,,,,window cleaning,,,,https://freshoutlookwindows.com/,company_website,2026-09-06T03:46:01Z,N,
Fresh Window Washing,(623) 428-5370,,,4144 N 57th Ave,Phoenix,AZ,85031,"https://www.google.com/maps/place/Fresh+Window+Cleaning+LLC/@33.4941514,-112.0198548,17z/data=!3m1!4b1!4m6!3m5!1s0xa7158ec3d4dd171d:0x784117ebc43d72d9!8m2!3d33.4941514!4d-112.0198548!16s%2Fg%2F11z4q43dnq?entry=ttu&g_ep=EgoyMDI2MDkwOS4wIKXMDSoASAFQAw%3D%3D",0xa7158ec3d4dd171d:0x784117ebc43d72d9,5.0,5,residential,13,,,https://www.yellowpages.com/phoenix-az/window-cleaning?page=5,yellowpages,2026-09-06T03:29:01Z,N,google_rating_enriched_2026-09-15
Friends of Friends Commercial and Residential Cleaning Services,(602) 796-0594,,,3811 N 27th Ave Lot 16,Phoenix,AZ,85017,https://www.google.com/maps/search/?api=1&query=Friends%20of%20Friends%20Commercial%20and%20Residential%20Cleaning%20Services%2C%203811%20N%2027th%20Ave%20Lot%2016%2C%20Phoenix%2C%20AZ%2C%2085017,,,,residential|commercial,,,,https://www.bbb.org/us/az/phoenix/profile/cleaning-services/friends-of-friends-commercial-and-residential-cleaning-services-1126-1000037735,bbb,2026-09-06T03:18:28Z,N,BBB lists window cleaning among services
Fuentes Window Cleaning Service,(623) 204-8297,,,,Buckeye,AZ,,https://www.google.com/maps/search/?api=1&query=Fuentes%20Window%20Cleaning%20Service%2C%20Buckeye%2C%20AZ,,,,residential,,,,https://www.yellowpages.com/buckeye-az/window-cleaning,yellowpages,2026-09-06T03:24:34Z,N,
Fuller Window Cleaning,(480) 743-1787,https://www.fullerwindowcleaning.com,,2741 E Cattle Dr,Gilbert,AZ,85297,https://www.google.com/maps/search/?api=1&query=Fuller%20Window%20Cleaning%2C%202741%20E%20Cattle%20Dr%2C%20Gilbert%2C%20AZ%2C%2085297,,,,residential,,,,https://www.yellowpages.com/gilbert-az/window-cleaning,yellowpages,2026-09-06T03:20:55Z,N,Same street as T-Pane; distinct phone website_enriched:yp_phone
Giovanni Window & Property Cleaning Services,(480) 819-3551,https://giovanniwindowcleaning.com,,,Phoenix,AZ,,"https://www.google.com/maps/place/Giovanni+Window+Cleaning+Services+LLC/@33.500322,-111.6678275,8z/data=!3m1!4b1!4m6!3m5!1s0x872ba78bf80b88f1:0x7830f1db056083d9!8m2!3d33.500322!4d-111.6678276!16s%2Fg%2F11g1qbglb3?entry=ttu&g_ep=EgoyMDI2MDkwOS4wIKXMDSoASAFQAw%3D%3D",ChIJ8YgL-IunK4cR2YNgBdvxMHg,5.0,72,residential|commercial,,,,https://giovanniwindowcleaning.com/,company_website,2026-09-06T03:18:28Z,N,Valley-wide service area list; google_rating_enriched_2026-09-15
Glass Gurus Window Cleaning,(602) 497-3560,https://glassguruaz.com,,2218 E Egret Ct,Gilbert,AZ,85234,"https://www.google.com/maps/place/Glass+Gurus+Window+Cleaning/@33.369741,-111.744021,17z/data=!3m1!4b1!4m6!3m5!1s0xad85f97c06ce7ec3:0x29254981727e4838!8m2!3d33.369741!4d-111.744021!16s%2Fg%2F11xks4c46x?entry=ttu&g_ep=EgoyMDI2MDkwOS4wIKXMDSoASAFQAw%3D%3D",0xad85f97c06ce7ec3:0x29254981727e4838,5.0,65,residential|commercial,3,,,https://www.yellowpages.com/gilbert-az/window-cleaning,yellowpages,2026-09-06T03:20:55Z,N,website_enriched:yp_phone; google_rating_enriched_2026-09-15
Glasscleaners,(602) 388-8060,https://glasscleanersaz.com,,,Phoenix,AZ,85028,"https://www.google.com/maps/place/Glasscleaners,+LLC/@33.5865466,-111.9930726,17z/data=!3m1!4b1!4m6!3m5!1s0x872b730759007459:0x6138721bc492a241!8m2!3d33.5865466!4d-111.9930726!16s%2Fg%2F11g9q96bfn?entry=ttu&g_ep=EgoyMDI2MDkwOS4wIKXMDSoASAFQAw%3D%3D",0x872b730759007459:0x6138721bc492a241,5.0,1,residential,,,,https://www.yellowpages.com/phoenix-az/window-cleaning?page=3,yellowpages,2026-09-06T03:24:34Z,N,website_enriched:yp_p3_phone; google_rating_enriched_2026-09-15
Glide Window Cleaning,(602) 962-4566,https://glidecleaners.com,,"3707 E Southern Ave, Ste 2074",Mesa,AZ,85206,https://www.google.com/maps/search/?api=1&query=Glide%20Window%20Cleaning%2C%203707%20E%20Southern%20Ave%2C%20Ste%202074%2C%20Mesa%2C%20AZ%2C%2085206,,4.8,3500,residential|commercial|screens|solar-panels,,,,https://glidecleaners.com/locations/phoenix-mesa,company_website,2026-09-06T03:18:28Z,N,East Valley HQ; serves Phoenix metro
Go Green Window Cleaning and Power Washing,(602) 469-9308,,,591 W Colt Rd,Chandler,AZ,85225,https://www.google.com/maps/search/?api=1&query=Go%20Green%20Window%20Cleaning%20and%20Power%20Washing%2C%20591%20W%20Colt%20Rd%2C%20Chandler%2C%20AZ%2C%2085225,,,,residential|commercial,22,,,https://www.yellowpages.com/queen-creek-az/window-cleaning,yellowpages,2026-09-06T03:23:47Z,N,
Golden Touch Carpet/Window Cleaning,(602) 373-0644,,,17570 W Marshall Ln,Surprise,AZ,85388,"https://www.google.com/maps/place/Golden+Touch+Carpet+and+Window+Cleaning/@33.5002175,-112.3230104,9z/data=!3m1!4b1!4m6!3m5!1s0x872b5134516d9917:0x32dbbaaa730a965!8m2!3d33.5002175!4d-112.3230104!16s%2Fg%2F11cls7jfdy?entry=ttu&g_ep=EgoyMDI2MDkwOS4wIKXMDSoASAFQAw%3D%3D",ChIJF5ltUTRRK4cRZakwp6q7LQM,5.0,95,residential,26,,,https://www.yellowpages.com/surprise-az/window-cleaning,yellowpages,2026-09-06T03:23:47Z,N,google_rating_enriched_2026-09-15
Goodyear Glassworks Window Cleaning,(623) 340-4493,https://goodyearglassworks.com,,,Goodyear,AZ,85338,https://www.google.com/maps/search/?api=1&query=Goodyear%20Glassworks%20Window%20Cleaning%2C%20Goodyear%2C%20AZ%2C%2085338,,,,residential,16,,,https://www.yellowpages.com/buckeye-az/window-cleaning,yellowpages,2026-09-06T03:24:34Z,N,
Green Solutions Window Cleaning Services,(480) 657-8643,,,,Scottsdale,AZ,85258,https://www.google.com/maps/search/?api=1&query=Green%20Solutions%20Window%20Cleaning%20Services%2C%20Scottsdale%2C%20AZ%2C%2085258,,,,residential,,,,https://www.yellowpages.com/scottsdale-az/window-cleaning,yellowpages,2026-09-06T03:20:00Z,N,
Guardian Window Cleaning,(480) 334-7779,https://www.guardianwindowcleaning.com/,,,Gilbert,AZ,85233,"https://www.google.com/maps/place/Guardian+Window+Cleaning/@33.318703,-111.7924293,17z/data=!3m1!4b1!4m6!3m5!1s0x2789da6b2c61ef33:0xed9b674e5736f50a!8m2!3d33.318703!4d-111.7924293!16s%2Fg%2F11twv60ng7?entry=ttu&g_ep=EgoyMDI2MDkwOS4wIKXMDSoASAFQAw%3D%3D",0x2789da6b2c61ef33:0xed9b674e5736f50a,5.0,31,residential,,,,https://www.yellowpages.com/gilbert-az/window-cleaning,yellowpages,2026-09-06T03:20:55Z,N,website_enriched:verified_phone_match; google_rating_enriched_2026-09-15
Habaron Window Cleaning,(480) 941-3442,,,7014 E Camelback Rd,Scottsdale,AZ,85251,https://www.google.com/maps/search/?api=1&query=Habaron%20Window%20Cleaning%2C%207014%20E%20Camelback%20Rd%2C%20Scottsdale%2C%20AZ%2C%2085251,,,,residential,,,,https://www.yellowpages.com/phoenix-az/window-cleaning?page=7,yellowpages,2026-09-06T03:30:18Z,N,
Halo Window Cleaning,(480) 359-5161,https://halowindows.com,,,Queen Creek,AZ,,"https://www.google.com/maps/place/Halo+Window+Cleaning/@33.2829597,-111.7221934,17z/data=!3m1!4b1!4m6!3m5!1s0x683931cd2ebcc30d:0x5c570302c62f8ac!8m2!3d33.2829597!4d-111.7221934!16s%2Fg%2F11z2xl62r_?entry=ttu&g_ep=EgoyMDI2MDkwOS4wIKXMDSoASAFQAw%3D%3D",0x683931cd2ebcc30d:0x5c570302c62f8ac,4.9,37,residential|screens|solar-panels,,,,https://halowindows.com/service-areas/queen-creek-az,company_website,2026-09-06T03:18:28Z,N,East Valley residential focus; google_rating_enriched_2026-09-15
Halo Window Cleaning (Peoria PO Box),(602) 434-1595,,,PO Box 2925,Peoria,AZ,85380,https://www.google.com/maps/search/?api=1&query=Halo%20Window%20Cleaning%20%28Peoria%20PO%20Box%29%2C%20PO%20Box%202925%2C%20Peoria%2C%20AZ%2C%2085380,,,,residential,,,,https://www.yellowpages.com/peoria-az/window-cleaning,yellowpages,2026-09-06T03:23:02Z,N,Distinct from Queen Creek Halo
Highline Window Cleaning,(602) 584-8719,https://hlwindowcleaning.com/,,600 W Grove Pkwy,Tempe,AZ,85283,"https://www.google.com/maps/place/Highline+Window+Cleaning/@33.3569587,-111.9474238,17z/data=!3m1!4b1!4m6!3m5!1s0x872b07990183896f:0x7b4592f7850ca670!8m2!3d33.3569587!4d-111.9474238!16s%2Fg%2F11j8p6h52v?entry=ttu&g_ep=EgoyMDI2MDkwOS4wIKXMDSoASAFQAw%3D%3D",0x872b07990183896f:0x7b4592f7850ca670,5.0,139,residential,,,,https://www.yellowpages.com/tempe-az/window-cleaning,yellowpages,2026-09-06T03:23:02Z,N,website_enriched:verified; google_rating_enriched_2026-09-15
Holt Window Cleaning,(480) 695-1965,,,PO Box 1811,Queen Creek,AZ,85142,https://www.google.com/maps/search/?api=1&query=Holt%20Window%20Cleaning%2C%20PO%20Box%201811%2C%20Queen%20Creek%2C%20AZ%2C%2085142,,,,residential,13,,,https://www.yellowpages.com/queen-creek-az/window-cleaning,yellowpages,2026-09-06T03:23:47Z,N,also Gilbert address listing
Home Services Co,(888) 700-4001,https://www.thehomeservicescompany.com,,,Scottsdale,AZ,,"https://www.google.com/maps/place/AZ+Home+Services+Group+AC+Repair+%26+Plumbing+Services+of+Scottsdale/@33.6247736,-111.8895031,17z/data=!3m1!4b1!4m6!3m5!1s0x872b75cd4d00bc45:0x585bb7ae767d5515!8m2!3d33.6247736!4d-111.8895031!16s%2Fg%2F11ylllykls?entry=ttu&g_ep=EgoyMDI2MDkwOS4wIKXMDSoASAFQAw%3D%3D",0x872b75cd4d00bc45:0x585bb7ae767d5515,4.8,25,residential|commercial,,,,https://www.thehomeservicescompany.com/locations/arizona/scottsdale/window-cleaning,company_website,2026-09-06T03:18:28Z,unknown,Multi-service home company; Scottsdale page; google_rating_enriched_2026-09-15
Home Solutions by Libny,(602) 565-4297,http://www.homesolutionsbylibny.com,,15550 N Frank Lloyd Wright Blvd Unit 1041,Scottsdale,AZ,85260,https://www.google.com/maps/search/?api=1&query=Home%20Solutions%20by%20Libny%2C%2015550%20N%20Frank%20Lloyd%20Wright%20Blvd%20Unit%201041%2C%20Scottsdale%2C%20AZ%2C%2085260,,,,residential|commercial,,,,https://www.bbb.org/us/az/scottsdale/profile/cleaning-services/home-solutions-by-libny-1126-1000032139,bbb,2026-09-06T03:18:28Z,N,BBB lists window cleaning website_enriched:yp_phone
Hot Sauce Cleaning LLC,(480) 243-6790,https://hotsaucecleaning.com,,,Tempe,AZ,85285,"https://www.google.com/maps/place/Hot+Sauce+Cleaning/@33.2081507,-111.6728757,17z/data=!3m1!4b1!4m6!3m5!1s0x49407671cd7538c9:0xf09808b41696cebc!8m2!3d33.2081507!4d-111.6728757!16s%2Fg%2F11y365g3pn?entry=ttu&g_ep=EgoyMDI2MDkwOS4wIKXMDSoASAFQAw%3D%3D",0x49407671cd7538c9:0xf09808b41696cebc,5.0,15,window cleaning,,,,https://hotsaucecleaning.com,company_website,2026-09-06T03:43:51Z,N,Commercial window cleaning; PO Box 7906; also (480) 908-8176; google_rating_enriched_2026-09-15
Hummingbird Window Cleaning,(623) 308-9250,https://hummingbirdwindowcleaning.godaddysites.com/,hummingbirdwc@gmail.com,,Phoenix,AZ,,"https://www.google.com/maps/place/Hummingbird+Window+Cleaning/@33.609167,-112.182236,10z/data=!3m1!4b1!4m6!3m5!1s0x69227cc613df25c3:0x4a5379515372a4e1!8m2!3d33.609167!4d-112.182236!16s%2Fg%2F11y4_67zkw?entry=ttu&g_ep=EgoyMDI2MDkwOS4wIKXMDSoASAFQAw%3D%3D",0x69227cc613df25c3:0x4a5379515372a4e1,5.0,7,window cleaning,,,,https://hummingbirdwindowcleaning.godaddysites.com/,company_website,2026-09-06T04:05:38Z,N,added_with_website_verified; google_rating_enriched_2026-09-15
I.C. Clearly,(480) 703-8000,https://icclearly.com,info@ICClearly.com,2149 E Donald Dr,Phoenix,AZ,85024,"https://www.google.com/maps/place/I.C.+Clearly/@33.6906958,-112.036529,17z/data=!3m1!4b1!4m6!3m5!1s0x872b719b41e88b97:0x98e393895e0542b6!8m2!3d33.6906958!4d-112.036529!16s%2Fg%2F11j47t1hs3?entry=ttu&g_ep=EgoyMDI2MDkwOS4wIKXMDSoASAFQAw%3D%3D",ChIJl4voQZtxK4cRtkIFXomT45g,1.0,1,residential|commercial|high-reach,31,,,https://www.yellowpages.com/phoenix-az/window-cleaning,yellowpages,2026-09-06T03:20:00Z,N,Commercial multi-story capability; google_rating_enriched_2026-09-15
IDOWINDOWS LLC,(623) 628-5438,,,7000 N 16th St Ste 120-218,Phoenix,AZ,85020,https://www.google.com/maps/search/?api=1&query=IDOWINDOWS%20LLC%2C%207000%20N%2016th%20St%20Ste%20120-218%2C%20Phoenix%2C%20AZ%2C%2085020,,,,residential,15,,,https://www.yellowpages.com/phoenix-az/window-cleaning,yellowpages,2026-09-06T03:20:00Z,N,
Imperial Window Cleaning Inc (Monterey),(480) 926-8999,,,751 N Monterey St Ste 112,Gilbert,AZ,85233,"https://www.google.com/maps/place/Imperial+Window+Cleaning+Inc/@33.3629401,-111.7993113,17z/data=!3m1!4b1!4m6!3m5!1s0x872ba90310f71d5f:0x800a8ec7bfb657db!8m2!3d33.3629401!4d-111.7993113!16s%2Fg%2F1tqyfzpn?entry=ttu&g_ep=EgoyMDI2MDkwOS4wIKXMDSoASAFQAw%3D%3D",0x872ba90310f71d5f:0x800a8ec7bfb657db,5.0,1,residential,,,,https://www.yellowpages.com/gilbert-az/window-cleaning,yellowpages,2026-09-06T03:20:55Z,N,Same phone as Cotton Ln Imperial — will dedupe; google_rating_enriched_2026-09-15
Industries Best LLC Window Cleaning & Power Washing,(480) 955-6556,,,,Gilbert,AZ,85295,"https://www.google.com/maps/place/Industries+Best+Window+Cleaning+%26+Power+Washing/@33.3072117,-111.9409775,17z/data=!3m1!4b1!4m6!3m5!1s0x872b074a7ebf7707:0x31a896c569694aa5!8m2!3d33.3072117!4d-111.9409775!16s%2Fg%2F11s93pgz31?entry=ttu&g_ep=EgoyMDI2MDkwOS4wIKXMDSoASAFQAw%3D%3D",0x872b074a7ebf7707:0x31a896c569694aa5,5.0,208,residential,16,,,https://www.yellowpages.com/gilbert-az/window-cleaning,yellowpages,2026-09-06T03:20:55Z,N,google_rating_enriched_2026-09-15
Integrity Window Cleaning,(602) 454-9151,,,7028 S 42nd Pl,Phoenix,AZ,85042,"https://www.google.com/maps/place/Integrity+Contents+Services/@33.4094894,-112.0315219,17z/data=!3m1!4b1!4m6!3m5!1s0x872b0e3336eaaaab:0x5563146bbd82ef38!8m2!3d33.4094894!4d-112.0315219!16s%2Fg%2F11s0skq5xd?entry=ttu&g_ep=EgoyMDI2MDkwOS4wIKXMDSoASAFQAw%3D%3D",ChIJq6rqNjMOK4cROO-CvWsUY1U,4.8,231,residential,19,,,https://www.yellowpages.com/phoenix-az/window-cleaning?page=3,yellowpages,2026-09-06T03:24:34Z,N,google_rating_enriched_2026-09-15
Invisible Panes,(602) 999-8262,https://www.invisiblepanes.com,,6905 E Larkspur Dr,Scottsdale,AZ,85254,"https://www.google.com/maps/place/Invisible+Panes+Window+Washing/@34.1680349,-111.9307474,7z/data=!3m1!4b1!4m6!3m5!1s0x4473675034cc813f:0x94d2331fc4536a!8m2!3d34.168035!4d-111.9307474!16s%2Fg%2F11yc5hj17c?entry=ttu&g_ep=EgoyMDI2MDkwOS4wIKXMDSoASAFQAw%3D%3D",0x4473675034cc813f:0x94d2331fc4536a,5.0,20,residential,,,,https://www.yellowpages.com/scottsdale-az/window-cleaning,yellowpages,2026-09-06T03:20:00Z,N,Scottsdale / Paradise Valley website_enriched:yp_phone; google_rating_enriched_2026-09-15
J.J. Singh Window Cleaning,,,,,Phoenix,AZ,85006,https://www.google.com/maps/search/?api=1&query=J.J.%20Singh%20Window%20Cleaning%2C%20Phoenix%2C%20AZ%2C%2085006,,,,residential,,,,https://www.homeyou.com/az/window-washing-phoenix-costs,homeyou,2026-09-06T03:20:00Z,N,phone unverified
Jay's Window Cleaning,,https://jayswindowcleaning.com,,,Phoenix,AZ,,,,4.8,14,residential|commercial,,,,https://jayswindowcleaning.com/,angi,2026-09-06T03:18:28Z,N,phone unverified; Angi Phoenix
JBS Professional Cleaning Services,(480) 409-5277,,,,Mesa,AZ,85207,"https://www.google.com/maps/place/JBS+Professional+Cleaning+Services/@33.5093255,-111.6616644,10z/data=!3m1!4b1!4m6!3m5!1s0x437f61b8f79c84fb:0x62db507791f15960!8m2!3d33.5093255!4d-111.6616644!16s%2Fg%2F11sbp5n7p3?entry=ttu&g_ep=EgoyMDI2MDkwOS4wIKXMDSoASAFQAw%3D%3D",0x437f61b8f79c84fb:0x62db507791f15960,4.5,8,residential,,,,https://www.bbb.org/us/az/mesa/profile/house-cleaning/jbs-professional-cleaning-services-1126-1000122977,bbb,2026-09-06T03:18:28Z,N,BBB lists window cleaning among house cleaning; google_rating_enriched_2026-09-15
Jimenez Maintenance Department,(480) 358-5735,https://jmdcontracting.com,,1153 N 23rd Place,Mesa,AZ,85213,https://www.google.com/maps/search/?api=1&query=Jimenez%20Maintenance%20Department%2C%201153%20N%2023rd%20Place%2C%20Mesa%2C%20AZ%2C%2085213,,,,commercial,,,,https://jmdcontracting.com/,company_website,2026-09-06T03:23:47Z,N,commercial window cleaning focus
JJJ Window Cleaners,(844) 247-1084,,,,Phoenix,AZ,,https://www.google.com/maps/search/?api=1&query=JJJ%20Window%20Cleaners%2C%20Phoenix%2C%20AZ,,,,residential,,,,https://www.yellowpages.com/phoenix-az/window-cleaning?page=6,yellowpages,2026-09-06T03:29:41Z,N,
JK Window Cleaning,(602) 380-4683,,,,Phoenix,AZ,85022,https://www.google.com/maps/search/?api=1&query=JK%20Window%20Cleaning%2C%20Phoenix%2C%20AZ%2C%2085022,,,,residential,,,,https://www.yellowpages.com/phoenix-az/window-cleaning?page=2,yellowpages,2026-09-06T03:20:00Z,N,
Joel's Window Cleaning,(602) 312-5796,,,7222 N 36th Ln,Phoenix,AZ,85051,"https://www.google.com/maps/place/Joel's+Window+Cleaning/@33.5430667,-112.1376888,17z/data=!3m1!4b1!4m6!3m5!1s0x872b6c7ba646ed15:0xfc11a797d8cf0984!8m2!3d33.5430667!4d-112.1376888!16s%2Fg%2F12615l5yq?entry=ttu&g_ep=EgoyMDI2MDkwOS4wIKXMDSoASAFQAw%3D%3D",0x872b6c7ba646ed15:0xfc11a797d8cf0984,5.0,5,residential,12,,,https://www.yellowpages.com/phoenix-az/window-cleaning,yellowpages,2026-09-06T03:20:00Z,N,google_rating_enriched_2026-09-15
John's Professional Window Cleaning,(602) 808-0800,,,4134 N 41st Pl,Phoenix,AZ,85018,"https://www.google.com/maps/place/Professional+Window+Cleaning/@33.6419632,-111.8958168,17z/data=!3m1!4b1!4m6!3m5!1s0x872b7536d08d7157:0xee11cfeeebd101dc!8m2!3d33.6419632!4d-111.8958168!16s%2Fg%2F11myttgh4m?entry=ttu&g_ep=EgoyMDI2MDkwOS4wIKXMDSoASAFQAw%3D%3D",ChIJV3GN0DZ1K4cR3AHR6-7PEe4,5.0,71,residential,23,,,https://www.yellowpages.com/phoenix-az/window-cleaning,yellowpages,2026-09-06T03:20:00Z,N,google_rating_enriched_2026-09-15
JP Window Cleaning,(480) 505-8141,,,1941 Pierpont Dr #1076,Mesa,AZ,85206,https://www.google.com/maps/search/?api=1&query=JP%20Window%20Cleaning%2C%201941%20Pierpont%20Dr%20%231076%2C%20Mesa%2C%20AZ%2C%2085206,,,,residential,,,,https://www.yellowpages.com/queen-creek-az/window-cleaning,yellowpages,2026-09-06T03:23:47Z,N,
Just N Time Window Cleaning LLC,(480) 278-0176,,,,Gilbert,AZ,85298,https://www.google.com/maps/search/?api=1&query=Just%20N%20Time%20Window%20Cleaning%20LLC%2C%20Gilbert%2C%20AZ%2C%2085298,,,,residential,,,,https://www.yellowpages.com/gilbert-az/window-cleaning,yellowpages,2026-09-06T03:20:55Z,N,
JW Window Cleaning,(602) 898-3937,,,,Phoenix,AZ,85008,"https://www.google.com/maps/place/Window+Cleaning/@33.6043255,-112.124793,10z/data=!3m1!4b1!4m6!3m5!1s0x2ca9bb313aa4a629:0x48a4588605b25bca!8m2!3d33.6043256!4d-112.124793!16s%2Fg%2F11srtlt_3v?entry=ttu&g_ep=EgoyMDI2MDkwOS4wIKXMDSoASAFQAw%3D%3D",0x2ca9bb313aa4a629:0x48a4588605b25bca,5.0,21,residential|commercial|screens,,,,https://www.yellowpages.com/phoenix-az/window-cleaning?page=2,yellowpages,2026-09-06T03:20:00Z,N,google_rating_enriched_2026-09-15
Kaleb Window Service,(480) 951-0580,http://www.kalebwindowservice.com,,9734 W Yukon Dr,Peoria,AZ,85382,https://www.google.com/maps/search/?api=1&query=Kaleb%20Window%20Service%2C%209734%20W%20Yukon%20Dr%2C%20Peoria%2C%20AZ%2C%2085382,,,,residential,38,,,https://www.yellowpages.com/peoria-az/window-cleaning,yellowpages,2026-09-06T03:23:02Z,N,website_enriched:yp_phone
Kat Klean Windows,(480) 620-1238,,,2463 E Pony Ln,Gilbert,AZ,85295,https://www.google.com/maps/search/?api=1&query=Kat%20Klean%20Windows%2C%202463%20E%20Pony%20Ln%2C%20Gilbert%2C%20AZ%2C%2085295,,,,residential,,,,https://www.yellowpages.com/gilbert-az/window-cleaning,yellowpages,2026-09-06T03:20:55Z,N,
Kc's Professional Window Cleaning,(480) 435-7583,https://kcsprofessionalwindowcleaning.com,,9628 E Twinkle Cir,Mesa,AZ,85212,"https://www.google.com/maps/place/Kc's+Professional+Window+Cleaning/@33.518261,-111.8950935,10z/data=!3m1!4b1!4m6!3m5!1s0x82ff8b9e054b3bb5:0x727f16b8ef44a3d5!8m2!3d33.518261!4d-111.8950935!16s%2Fg%2F11vb4sjkv9?entry=ttu&g_ep=EgoyMDI2MDkwOS4wIKXMDSoASAFQAw%3D%3D",0x82ff8b9e054b3bb5:0x727f16b8ef44a3d5,5.0,61,residential|screens,,,,https://kcsprofessionalwindowcleaning.com/,company_website,2026-09-06T03:20:00Z,N,google_rating_enriched_2026-09-15
KC's Window Cleaning,(480) 807-0987,https://www.kcswindowcleaning.com/,,,Gilbert,AZ,,"https://www.google.com/maps/place/KC's+Window+Cleaning+%26+Sunscreens/@33.4363185,-111.9638374,9z/data=!3m1!4b1!4m6!3m5!1s0x872bae45caad844d:0xf9735756450f621b!8m2!3d33.4363185!4d-111.9638374!16s%2Fg%2F12mj_sqc9?entry=ttu&g_ep=EgoyMDI2MDkwOS4wIKXMDSoASAFQAw%3D%3D",ChIJTYStykWuK4cRG2IPRVZXc_k,4.9,31,window cleaning,,,,https://www.kcswindowcleaning.com/,company_website,2026-09-06T03:50:06Z,N,Since 1995; also sunscreens; google_rating_enriched_2026-09-15
keepitcleanphx,(602) 384-3605,http://www.keepitcleanphx.com,,,Phoenix,AZ,,https://www.google.com/maps/search/?api=1&query=keepitcleanphx%2C%20Phoenix%2C%20AZ,,,,window cleaning,,,,https://www.yellowpages.com/,yellowpages,2026-09-06T03:53:37Z,N,added_with_website_from_yp
Kevin's Window Washing,(623) 810-6595,,,3355 W Abraham Ln,Phoenix,AZ,85027,https://www.google.com/maps/search/?api=1&query=Kevin%27s%20Window%20Washing%2C%203355%20W%20Abraham%20Ln%2C%20Phoenix%2C%20AZ%2C%2085027,,,,residential,10,,,https://www.yellowpages.com/phoenix-az/window-cleaning?page=4,yellowpages,2026-09-06T03:26:07Z,N,North Phoenix
Kingsman Windows Cleaning,(480) 938-0310,,,4820 W Hubbell St,Phoenix,AZ,85035,"https://www.google.com/maps/place/Kingsman+Home+Service/@33.485838,-112.219944,9z/data=!3m1!4b1!4m6!3m5!1s0x83ac60d4424fc65:0x71115e2880c8f29f!8m2!3d33.485838!4d-112.219944!16s%2Fg%2F11vq_p20jl?entry=ttu&g_ep=EgoyMDI2MDkwOS4wIKXMDSoASAFQAw%3D%3D",ChIJZfwkRA3GOggRn_LIgCheEXE,5.0,16,residential,28,,,https://www.yellowpages.com/phoenix-az/window-cleaning,yellowpages,2026-09-06T03:20:00Z,N,google_rating_enriched_2026-09-15
Koala-Tee,(480) 423-0010,,,6310 E Thomas Rd Ste 328,Scottsdale,AZ,85251,"https://www.google.com/maps/place/Koala-Tee+Building+Maintenance/@33.631936,-111.9024116,17z/data=!3m1!4b1!4m6!3m5!1s0x872b75ccef3a7687:0x94c6684a2fa6cf3f!8m2!3d33.631936!4d-111.9024116!16s%2Fg%2F1262nxh1w?entry=ttu&g_ep=EgoyMDI2MDkwOS4wIKXMDSoASAFQAw%3D%3D",ChIJh3Y678x1K4cRP8-mL0poxpQ,3.0,2,residential,,,,https://www.yellowpages.com/scottsdale-az/window-cleaning,yellowpages,2026-09-06T03:20:00Z,N,google_rating_enriched_2026-09-15
Koala-Tee (Davenport),(480) 968-2282,,,9696 E Davenport Dr,Scottsdale,AZ,85260,"https://www.google.com/maps/place/Koala-Tee+Building+Maintenance/@33.631936,-111.9024116,17z/data=!3m1!4b1!4m6!3m5!1s0x872b75ccef3a7687:0x94c6684a2fa6cf3f!8m2!3d33.631936!4d-111.9024116!16s%2Fg%2F1262nxh1w?entry=ttu&g_ep=EgoyMDI2MDkwOS4wIKXMDSoASAFQAw%3D%3D",ChIJh3Y678x1K4cRP8-mL0poxpQ,3.0,2,residential,,,,https://www.yellowpages.com/scottsdale-az/window-cleaning,yellowpages,2026-09-06T03:20:00Z,N,Second Koala-Tee listing distinct phone/address; google_rating_enriched_2026-09-15
LeRoy Window Cleaning Scottsdale,(480) 643-9864,https://windowcleaning-scottsdale.com,,,Scottsdale,AZ,,https://www.google.com/maps/search/?api=1&query=LeRoy%20Window%20Cleaning%20Scottsdale%2C%20Scottsdale%2C%20AZ,,,,residential|commercial|screens,,,,https://windowcleaning-scottsdale.com/pricing/,company_website,2026-09-06T03:18:28Z,N,Call LeRoy per site
Litt Window Cleaning,(480) 708-8207,https://www.littwindowcleaning.com,littwindowcleaning@gmail.com,32615 N North Valley Pkwy Apt 118,Phoenix,AZ,85085,"https://www.google.com/maps/place/Litt+Window+Cleaning/@33.9338449,-113.0490055,9z/data=!3m1!4b1!4m6!3m5!1s0xa1d53580412a62e7:0x6b7e026d47f16bf6!8m2!3d33.9338449!4d-113.0490055!16s%2Fg%2F11yjhwfxh4?entry=ttu&g_ep=EgoyMDI2MDkwOS4wIKXMDSoASAFQAw%3D%3D",ChIJ52IqQYA11aER9mvxR20Cfms,5.0,52,residential|screens|solar-panels,,,,https://www.littwindowcleaning.com/,company_website,2026-09-06T03:18:28Z,N,Also listed (480) 694-8435; North Phoenix ZIP; google_rating_enriched_2026-09-15
Living Sunny Home Services,(360) 931-8708,,,14004 N Wendover Dr,Fountain Hills,AZ,85268,"https://www.google.com/maps/place/Living+Sunny+Home+Services/@33.6098547,-111.7277486,17z/data=!3m1!4b1!4m6!3m5!1s0x872b996adf8f6745:0x41db362c6be5fe97!8m2!3d33.6098547!4d-111.7277486!16s%2Fg%2F11y4jsm79x?entry=ttu&g_ep=EgoyMDI2MDkwOS4wIKXMDSoASAFQAw%3D%3D",0x872b996adf8f6745:0x41db362c6be5fe97,5.0,5,residential,,,,https://www.yellowpages.com/fountain-hills-az/window-cleaning,yellowpages,2026-09-06T03:24:34Z,N,WA area code; local FH address; google_rating_enriched_2026-09-15
Looking Glass Window Cleaning,(520) 634-3574,https://lookingglasscleaners.com,,,Gilbert,AZ,,"https://www.google.com/maps/place/Looking+Glass+Window+Cleaning/@33.5327396,-111.9173586,10z/data=!3m1!4b1!4m6!3m5!1s0xd571cb3befd0e53:0xb431ebc722dab733!8m2!3d33.5327396!4d-111.9173586!16s%2Fg%2F11ydjlhq6s?entry=ttu&g_ep=EgoyMDI2MDkwOS4wIKXMDSoASAFQAw%3D%3D",0xd571cb3befd0e53:0xb431ebc722dab733,5.0,12,residential|screens|solar-panels,,,,https://lookingglasscleaners.com/,thumbtack,2026-09-06T03:18:28Z,N,520 area code; claims Gilbert Chandler Scottsdale Mesa Queen Creek; google_rating_enriched_2026-09-15
LUMI Window Cleaning,(602) 898-9274,https://lumiwindowcleaning.com/,,,Scottsdale,AZ,,"https://www.google.com/maps/place/Lumi+Window+Cleaning/@33.7960432,-111.9817502,17z/data=!3m1!4b1!4m6!3m5!1s0x4aaf5a4a627add1d:0x3da585cee0aeeea5!8m2!3d33.7960432!4d-111.9817502!16s%2Fg%2F11s1scwwzz?entry=ttu&g_ep=EgoyMDI2MDkwOS4wIKXMDSoASAFQAw%3D%3D",0x4aaf5a4a627add1d:0x3da585cee0aeeea5,5.0,263,window cleaning,,,,https://lumiwindowcleaning.com/,company_website,2026-09-06T03:50:57Z,N,North Scottsdale / Cave Creek / Carefree; google_rating_enriched_2026-09-15
M & M's Touch of Glass Inc,(480) 778-0384,,,7702 E Gray Rd Ste 106,Scottsdale,AZ,85260,"https://www.google.com/maps/place/M%26M's+Window+Cleaning+and+Home+Services,+Inc/@33.6503314,-111.9617133,17z/data=!3m1!4b1!4m6!3m5!1s0x872b714f25b00001:0xee1f2719628edc6b!8m2!3d33.6503314!4d-111.9617133!16s%2Fg%2F11vk2lx9gt?entry=ttu&g_ep=EgoyMDI2MDkwOS4wIKXMDSoASAFQAw%3D%3D",ChIJAQCwJU9xK4cRa9yOYhknH-4,4.3,3,residential,,,,https://www.yellowpages.com/scottsdale-az/window-cleaning,yellowpages,2026-09-06T03:20:00Z,N,google_rating_enriched_2026-09-15
Marvel Window Cleaning,(480) 296-1878,,,635 E Pecos Rd,Gilbert,AZ,85295,https://www.google.com/maps/search/?api=1&query=Marvel%20Window%20Cleaning%2C%20635%20E%20Pecos%20Rd%2C%20Gilbert%2C%20AZ%2C%2085295,,,,residential,12,,,https://www.yellowpages.com/gilbert-az/window-cleaning,yellowpages,2026-09-06T03:20:55Z,N,
McIntyre's Window Cleaning LLC,,https://mcintyreswindowcleaning.com,,,Phoenix,AZ,,https://www.google.com/maps/search/?api=1&query=McIntyre%27s%20Window%20Cleaning%20LLC%2C%20Phoenix%2C%20AZ,,,,window cleaning,,,,https://mcintyreswindowcleaning.com,company_website,2026-09-06T03:43:51Z,N,Rope access / high-rise specialty; Instagram Mcintyreswindowcleaning
McNamee's Window Cleaning,(623) 872-8365,,,8968 W Loma Ln,Peoria,AZ,85345,"https://www.google.com/maps/place/Mc+Namee's+Window+Cleaning/@33.485838,-112.38007,9z/data=!3m1!4b1!4m6!3m5!1s0x872b416d3f3aa407:0x2ba8f848df09d9a5!8m2!3d33.485838!4d-112.38007!16s%2Fg%2F1thxljgv?entry=ttu&g_ep=EgoyMDI2MDkwOS4wIKXMDSoASAFQAw%3D%3D",0x872b416d3f3aa407:0x2ba8f848df09d9a5,3.0,1,residential,44,,,https://www.yellowpages.com/peoria-az/window-cleaning,yellowpages,2026-09-06T03:23:02Z,N,google_rating_enriched_2026-09-15
Mesa Window Cleaning Service,(480) 453-1580,,,834 N Cherry Apt 303,Mesa,AZ,85201,https://www.google.com/maps/search/?api=1&query=Mesa%20Window%20Cleaning%20Service%2C%20834%20N%20Cherry%20Apt%20303%2C%20Mesa%2C%20AZ%2C%2085201,,,,residential,11,,,https://www.yellowpages.com/phoenix-az/window-cleaning?page=8,yellowpages,2026-09-06T03:30:58Z,N,YP listed as generic Window Cleaning
Mills Home and Business Services LLC,(602) 799-4703,,,13141 N 154th Ave,Surprise,AZ,85379,https://www.google.com/maps/search/?api=1&query=Mills%20Home%20and%20Business%20Services%20LLC%2C%2013141%20N%20154th%20Ave%2C%20Surprise%2C%20AZ%2C%2085379,,,,residential,15,,,https://www.yellowpages.com/surprise-az/window-cleaning,yellowpages,2026-09-06T03:23:47Z,N,
Monarch Window Cleaning,(602) 405-8902,,,,Phoenix,AZ,,"https://www.google.com/maps/place/Monarch+Window+Cleaning/@33.7476651,-112.3265222,17z/data=!3m1!4b1!4m6!3m5!1s0x872b5f919053d871:0x14ccf45a0027ccaf!8m2!3d33.7476651!4d-112.3265222!16s%2Fg%2F11gy6vg_w9?entry=ttu&g_ep=EgoyMDI2MDkwOS4wIKXMDSoASAFQAw%3D%3D",0x872b5f919053d871:0x14ccf45a0027ccaf,5.0,24,residential,24,,,https://www.yellowpages.com/phoenix-az/window-cleaning?page=6,yellowpages,2026-09-06T03:29:41Z,N,google_rating_enriched_2026-09-15
Monsoon Window Washing,(623) 688-7507,https://monsoonwindowaz.com/,,,Peoria,AZ,,"https://www.google.com/maps/place/Monsoon+Window+Washing/@33.7126712,-112.3052035,17z/data=!3m1!4b1!4m6!3m5!1s0x872b5d6d6561a25f:0x59b66fa940292d71!8m2!3d33.7126712!4d-112.3052035!16s%2Fg%2F11ld8bx6yf?entry=ttu&g_ep=EgoyMDI2MDkwOS4wIKXMDSoASAFQAw%3D%3D",0x872b5d6d6561a25f:0x59b66fa940292d71,5.0,29,window cleaning,,,,https://monsoonwindowaz.com/,company_website,2026-09-06T03:50:29Z,N,North Peoria / Sun City; google_rating_enriched_2026-09-15
N & D Window Cleaning,(248) 660-1637,https://www.ndwindowcleaning.com,,5310 E High St,Phoenix,AZ,85054,https://www.google.com/maps/search/?api=1&query=N%20%26%20D%20Window%20Cleaning%2C%205310%20E%20High%20St%2C%20Phoenix%2C%20AZ%2C%2085054,,,,residential,,,,https://www.yellowpages.com/phoenix-az/window-cleaning,yellowpages,2026-09-06T03:20:00Z,N,Out-of-state area code; Desert Ridge ZIP website_enriched:yp_phone
New View Window Cleaning AZ,(425) 499-5939,https://www.newviewwindowcleaningaz.com/,,20481 E Rittenhouse Rd,Queen Creek,AZ,85142,"https://www.google.com/maps/place/New+View+Window+Cleaning/@33.440299,-111.6572015,9z/data=!3m1!4b1!4m6!3m5!1s0x422b7d1eb5113189:0xe0be5af4820746c7!8m2!3d33.440299!4d-111.6572016!16s%2Fg%2F11t1j4s3vv?entry=ttu&g_ep=EgoyMDI2MDkwOS4wIKXMDSoASAFQAw%3D%3D",0x422b7d1eb5113189:0xe0be5af4820746c7,4.9,47,residential,,,,https://www.yellowpages.com/queen-creek-az/window-cleaning,yellowpages,2026-09-06T03:23:47Z,N,WA area code; local QC address website_enriched:verified; google_rating_enriched_2026-09-15
NuVision Window Cleaning,(623) 219-1833,,,4144 N 57th Ave,Phoenix,AZ,85031,"https://www.google.com/maps/place/NuVision+Auto+Glass/@33.4600398,-112.1798031,17z/data=!3m1!4b1!4m6!3m5!1s0x872b0d0959507d23:0xd8afb27d7e2a3a62!8m2!3d33.4600398!4d-112.1798031!16s%2Fg%2F11ghp42bfn?entry=ttu&g_ep=EgoyMDI2MDkwOS4wIKXMDSoASAFQAw%3D%3D",ChIJI31QWQkNK4cRYjoqfn2yr9g,4.6,3261,residential,11,,,https://www.yellowpages.com/phoenix-az/window-cleaning?page=3,yellowpages,2026-09-06T03:24:34Z,N,google_rating_enriched_2026-09-15
Ocotillo Window Cleaning,(480) 883-0311,,,1838 E Lafayette Ave,Gilbert,AZ,85298,https://www.google.com/maps/search/?api=1&query=Ocotillo%20Window%20Cleaning%2C%201838%20E%20Lafayette%20Ave%2C%20Gilbert%2C%20AZ%2C%2085298,,,,residential,,,,https://www.yellowpages.com/gilbert-az/window-cleaning,yellowpages,2026-09-06T03:20:55Z,N,
Olsen Brothers Window Cleaning,(480) 626-8649,https://azwindowwashing.com,,2617 E Nance St,Mesa,AZ,85213,"https://www.google.com/maps/place/Olsen+Brothers+Window+Cleaning/@33.274751,-111.891768,8z/data=!3m1!4b1!4m6!3m5!1s0x872ba68f9bb8d391:0x7c49f7acd0eafdf!8m2!3d33.274751!4d-111.891768!16s%2Fg%2F1hjgkhg9t?entry=ttu&g_ep=EgoyMDI2MDkwOS4wIKXMDSoASAFQAw%3D%3D",0x872ba68f9bb8d391:0x7c49f7acd0eafdf,5.0,163,residential,25,,,https://linkedin.com/company/olsen-brothers-window-cleaning,linkedin,2026-09-06T03:23:47Z,N,address enrichment; google_rating_enriched_2026-09-15
Pain in the Glass Window Cleaning,(602) 880-7008,https://www.painintheglassaz.com/,,,Queen Creek,AZ,85142,"https://www.google.com/maps/place/Pain+in+the+Glass+Window+Cleaning/@33.2466321,-111.639968,10z/data=!3m1!4b1!4m6!3m5!1s0x49aa53b7ebf4d415:0x8810c04ba77ef6a7!8m2!3d33.246632!4d-111.639968!16s%2Fg%2F11kk5wgsn9?entry=ttu&g_ep=EgoyMDI2MDkwOS4wIKXMDSoASAFQAw%3D%3D",0x49aa53b7ebf4d415:0x8810c04ba77ef6a7,5.0,100,residential,,,,https://www.yellowpages.com/queen-creek-az/window-cleaning,yellowpages,2026-09-06T03:23:47Z,N,website_enriched:verified; google_rating_enriched_2026-09-15
Paneless Window Cleaning & Floor Care,(602) 993-4411,https://panelesswindowaz.com,,,Phoenix,AZ,85028,"https://www.google.com/maps/place/Paneless+Window+Cleaning+%26+Floor+Care/@33.5719097,-112.012682,17z/data=!3m1!4b1!4m6!3m5!1s0x872b72efe5212bf3:0xa6f0b4f0b6b6a621!8m2!3d33.5719097!4d-112.012682!16s%2Fg%2F11f_4crk0h?entry=ttu&g_ep=EgoyMDI2MDkwOS4wIKXMDSoASAFQAw%3D%3D",0x872b72efe5212bf3:0xa6f0b4f0b6b6a621,5.0,61,residential|commercial|screens|solar-panels,44,,,https://panelesswindowaz.com/window-cleaning-in-mesa-az/,company_website,2026-09-06T03:18:28Z,N,Since 1982; East Valley + Phoenix; google_rating_enriched_2026-09-15
Paradise Window Cleaners,(480) 946-8500,,,9488 E Belleview St,Scottsdale,AZ,85256,https://www.google.com/maps/search/?api=1&query=Paradise%20Window%20Cleaners%2C%209488%20E%20Belleview%20St%2C%20Scottsdale%2C%20AZ%2C%2085256,,,,residential,41,,,https://www.yellowpages.com/scottsdale-az/window-cleaning,yellowpages,2026-09-06T03:20:00Z,N,; website_enriched:maps_web; website_cleared:wrong_geo_TX254
Paradise Window Cleaning,(480) 289-1111,https://paradisewindowcleaning.org,,6704 N 15th Place,Phoenix,AZ,85014,https://www.google.com/maps/search/?api=1&query=Paradise%20Window%20Cleaning%2C%206704%20N%2015th%20Place%2C%20Phoenix%2C%20AZ%2C%2085014,,,,residential|commercial,30,,,https://www.yellowpages.com/phoenix-az/window-cleaning,yellowpages,2026-09-06T03:20:00Z,N,Since 1996
PCA Window & Solar Cleaning,(623) 624-7584,,,11110 N 190th Ave,Surprise,AZ,85388,https://www.google.com/maps/search/?api=1&query=PCA%20Window%20%26%20Solar%20Cleaning%2C%2011110%20N%20190th%20Ave%2C%20Surprise%2C%20AZ%2C%2085388,,,,residential|solar-panels,,,,https://www.yellowpages.com/surprise-az/window-cleaning,yellowpages,2026-09-06T03:23:47Z,N,
Pink's Window Services,(480) 500-1655,https://pinkswindows.com,,,Mesa,AZ,,"https://www.google.com/maps/place/Pink's+Windows+East+Valley/@33.2466321,-111.6367969,10z/data=!3m1!4b1!4m6!3m5!1s0x2d185112fba94ef1:0x26b7a7f654f6271b!8m2!3d33.246632!4d-111.636797!16s%2Fg%2F11x28z2c19?entry=ttu&g_ep=EgoyMDI2MDkwOS4wIKXMDSoASAFQAw%3D%3D",0x2d185112fba94ef1:0x26b7a7f654f6271b,5.0,202,residential,,,https://www.instagram.com/,https://pinkswindows.com/east-valley/,company_website,2026-09-06T03:29:01Z,N,East Valley: Mesa Gilbert QC AJ; google_rating_enriched_2026-09-15
Pioneer Window Cleaning,(602) 819-3669,,,5229 S 5th St,Phoenix,AZ,85040,https://www.google.com/maps/search/?api=1&query=Pioneer%20Window%20Cleaning%2C%205229%20S%205th%20St%2C%20Phoenix%2C%20AZ%2C%2085040,,,,residential,23,,,https://www.yellowpages.com/phoenix-az/window-cleaning?page=3,yellowpages,2026-09-06T03:24:34Z,N,
Power Pros,(602) 738-0092,,,3834 W Carson Rd,Phoenix,AZ,85041,"https://www.google.com/maps/place/AZ+Power+Wash+Pros/@33.4248386,-112.0865663,17z/data=!3m1!4b1!4m6!3m5!1s0x872b0f6155176667:0x72f4164f9d428bda!8m2!3d33.4248386!4d-112.0865663!16s%2Fg%2F1tfmcpzg?entry=ttu&g_ep=EgoyMDI2MDkwOS4wIKXMDSoASAFQAw%3D%3D",ChIJZ2YXVWEPK4cR2otCnU8W9HI,4.9,311,residential,19,,,https://www.yellowpages.com/phoenix-az/window-cleaning,yellowpages,2026-09-06T03:20:00Z,N,Dual pressure wash likely; google_rating_enriched_2026-09-15
Precision Pro Window Cleaning,(714) 329-1347,https://www.precisionprocleaning.com/,,2523 E Oraibi Dr,Phoenix,AZ,85050,"https://www.google.com/maps/place/Precision+Property+Detailing/@33.3454275,-112.247919,9z/data=!3m1!4b1!4m6!3m5!1s0xa6581780eca87e13:0xbe010598e0b32b2d!8m2!3d33.3454275!4d-112.247919!16s%2Fg%2F11np_911v0?entry=ttu&g_ep=EgoyMDI2MDkwOS4wIKXMDSoASAFQAw%3D%3D",ChIJE36o7IAXWKYRLSuz4JgFAb4,5.0,10,window cleaning,,,,https://www.precisionprocleaning.com/,company_website,2026-09-06T03:54:03Z,N,Owner Brad Covell; CA number still listed; google_rating_enriched_2026-09-15
Pressure Perfect AZ,(602) 693-1376,https://pressureperfectaz.com,Contact@PressurePerfectAZ.com,,Litchfield Park,AZ,,"https://www.google.com/maps/place/Pressure+Perfect/@33.2766146,-112.1874899,9z/data=!3m1!4b1!4m6!3m5!1s0x872b471c9e5a7fb7:0xcb3152a207243b89!8m2!3d33.2766146!4d-112.18749!16s%2Fg%2F11j708bxxs?entry=ttu&g_ep=EgoyMDI2MDkwOS4wIKXMDSoASAFQAw%3D%3D",ChIJt39anhxHK4cRiTskB6JSMcs,4.9,33,residential,,,,https://pressureperfectaz.com/phoenix-arizona-window-washing/,company_website,2026-09-06T03:29:01Z,N,dual pressure + windows; based Litchfield Park; google_rating_enriched_2026-09-15
Prestige Window Cleaning Inc,(602) 663-2466,http://www.getmywindowsclean.com,,,Scottsdale,AZ,,https://www.google.com/maps/search/?api=1&query=Prestige%20Window%20Cleaning%20Inc%2C%20Scottsdale%2C%20AZ,,,,window cleaning,,,,https://www.yellowpages.com/scottsdale-az/window-cleaning?page=2,yellowpages,2026-09-06T03:48:04Z,N,added_with_website_from_yp_p2
Pristine Glass Co,(623) 252-9886,https://pristineglasswindowcleaning.com,Pristineglassinfo@gmail.com,,Peoria,AZ,,https://www.google.com/maps/search/?api=1&query=Pristine%20Glass%20Co%2C%20Peoria%2C%20AZ,,5.0,,residential|commercial|solar-panels,,,,https://pristineglasswindowcleaning.com/,company_website,2026-09-06T03:18:28Z,N,Valley-wide Maricopa; family owned
Pro-Vision Window Cleaning,(623) 516-9355,,,35045 N 3rd Ave,Phoenix,AZ,85086,https://www.google.com/maps/search/?api=1&query=Pro-Vision%20Window%20Cleaning%2C%2035045%20N%203rd%20Ave%2C%20Phoenix%2C%20AZ%2C%2085086,,,,residential,,,,https://www.yellowpages.com/phoenix-az/window-cleaning?page=2,yellowpages,2026-09-06T03:20:00Z,N,Anthem / New River corridor ZIP; North Phoenix page
Professional Sky Climbing Service Inc,(602) 274-5151,,,1805 E Jefferson St,Phoenix,AZ,85034,"https://www.google.com/maps/place/Professional+Sky+Climbing+Services/@33.4470537,-112.0430868,17z/data=!3m1!4b1!4m6!3m5!1s0x872b0e00dfadc217:0xbf1c469422a99d40!8m2!3d33.4470537!4d-112.0430868!16s%2Fg%2F1td3m1c_?entry=ttu&g_ep=EgoyMDI2MDkwOS4wIKXMDSoASAFQAw%3D%3D",0x872b0e00dfadc217:0xbf1c469422a99d40,3.0,2,commercial|high-reach,29,,,https://www.yellowpages.com/phoenix-az/window-cleaning?page=4,yellowpages,2026-09-06T03:26:07Z,N,high-rise rope access; google_rating_enriched_2026-09-15
Professional Window Cleaning,(480) 839-1707,https://getmywindowsclean.com,office@getmywindowsclean.com,7150 E Camelback Rd Ste 444,Scottsdale,AZ,85251,"https://www.google.com/maps/place/Professional+Window+Cleaning/@33.6419632,-111.8958168,17z/data=!3m1!4b1!4m6!3m5!1s0x872b7536d08d7157:0xee11cfeeebd101dc!8m2!3d33.6419632!4d-111.8958168!16s%2Fg%2F11myttgh4m?entry=ttu&g_ep=EgoyMDI2MDkwOS4wIKXMDSoASAFQAw%3D%3D",ChIJV3GN0DZ1K4cR3AHR6-7PEe4,5.0,71,residential|commercial|screens|high-reach,,,,https://www.yellowpages.com/scottsdale-az/window-cleaning,yellowpages,2026-09-06T03:20:00Z,N,Owner Dave Kaminski; phone enriched; google_rating_enriched_2026-09-15
Professional Window Cleaning (Washington St),(602) 258-8484,https://www.professionalwindowcleaning.com,,801 E Washington St,Phoenix,AZ,85034,"https://www.google.com/maps/place/Professional+Window+Cleaning/@33.4479151,-112.063421,17z/data=!3m1!4b1!4m6!3m5!1s0x872b1352833b578d:0x36a4a55f2060306a!8m2!3d33.4479151!4d-112.063421!16s%2Fg%2F11x10yrkly?entry=ttu&g_ep=EgoyMDI2MDkwOS4wIKXMDSoASAFQAw%3D%3D",0x872b1352833b578d:0x36a4a55f2060306a,4.9,11,residential|commercial|high-reach,,,,https://www.yellowpages.com/phoenix-az/window-cleaning,yellowpages,2026-09-06T03:20:00Z,N,Distinct phone from Scottsdale Professional Window Cleaning website_enriched:yp_phone; google_rating_enriched_2026-09-15
PROMPT Window Cleaning,(480) 945-3880,,,2225 E Greenway Rd,Phoenix,AZ,85022,https://www.google.com/maps/search/?api=1&query=PROMPT%20Window%20Cleaning%2C%202225%20E%20Greenway%20Rd%2C%20Phoenix%2C%20AZ%2C%2085022,,,,residential,41,,,https://www.yellowpages.com/phoenix-az/window-cleaning?page=3,yellowpages,2026-09-06T03:24:34Z,N,
Quality 1st Cleaning,(480) 283-5260,,,PO Box 54654,Phoenix,AZ,85078,"https://www.google.com/maps/place/Quality+1st+cleaning/@33.4806937,-111.9915228,17z/data=!3m1!4b1!4m6!3m5!1s0x872b0c49d6e5245b:0x4247765de81e710a!8m2!3d33.4806937!4d-111.9915228!16s%2Fg%2F11v0bxlxf_?entry=ttu&g_ep=EgoyMDI2MDkwOS4wIKXMDSoASAFQAw%3D%3D",0x872b0c49d6e5245b:0x4247765de81e710a,3.0,2,residential|commercial,,,,https://www.bbb.org/us/az/phoenix/profile/cleaning-services/quality-1st-cleaning-1126-1000100722,bbb,2026-09-06T03:18:28Z,N,BBB lists window cleaning; google_rating_enriched_2026-09-15
Queen Creek Window Washers,(480) 800-0788,,,31763 N Sundown Dr,San Tan Valley,AZ,85143,https://www.google.com/maps/search/?api=1&query=Queen%20Creek%20Window%20Washers%2C%2031763%20N%20Sundown%20Dr%2C%20San%20Tan%20Valley%2C%20AZ%2C%2085143,,,,residential,,,,https://www.yellowpages.com/queen-creek-az/window-cleaning,yellowpages,2026-09-06T03:23:47Z,N,name says Queen Creek; STV address
Reach Window Cleaning,(928) 965-4997,https://reachwindows.com,tracy@reachwindows.com,506 E Juanita Ave Suite 6,Mesa,AZ,85204,https://www.google.com/maps/search/?api=1&query=Reach%20Window%20Cleaning%2C%20506%20E%20Juanita%20Ave%20Suite%206%2C%20Mesa%2C%20AZ%2C%2085204,,4.8,,residential|screens|solar-panels,7,,,https://reachwindows.com/,threebestrated,2026-09-06T03:18:28Z,N,Owner Ryan; ThreeBestRated Mesa
Real Clean Exterior,,https://www.realcleanexterioraz.com,,,Scottsdale,AZ,,,,5.0,122,residential|commercial,,,,https://www.realcleanexterioraz.com/,thumbtack,2026-09-06T03:18:28Z,N,Justin; Thumbtack Top Pro; phone unverified on site
Reflect Window Cleaning,(480) 648-7281,https://reflectwindowcleaning.com,,10948 E Palm Ridge Dr,Scottsdale,AZ,85255,"https://www.google.com/maps/place/Reflect+Window+Cleaning/@33.5611935,-111.9523555,10z/data=!3m1!4b1!4m6!3m5!1s0x8c6609db47daddd9:0xa42e05efdd5638f!8m2!3d33.5611935!4d-111.9523556!16s%2Fg%2F11y3_3fqx5?entry=ttu&g_ep=EgoyMDI2MDkwOS4wIKXMDSoASAFQAw%3D%3D",0x8c6609db47daddd9:0xa42e05efdd5638f,5.0,60,residential|commercial,2,,,https://www.yellowpages.com/scottsdale-az/window-cleaning,yellowpages,2026-09-06T03:20:00Z,N,google_rating_enriched_2026-09-15
Reflections Window Cleaning,(480) 892-1999,https://simplyreflections.co/,,5235 E Southern Ave,Mesa,AZ,85206,"https://www.google.com/maps/place/Reflections+Window+Cleaning,+LLC/@33.3920951,-111.7181478,17z/data=!3m1!4b1!4m6!3m5!1s0x872ba9b000000001:0xeff656f3e5d15f8e!8m2!3d33.3920951!4d-111.7181478!16s%2Fg%2F1wk6_73c?entry=ttu&g_ep=EgoyMDI2MDkwOS4wIKXMDSoASAFQAw%3D%3D",0x872ba9b000000001:0xeff656f3e5d15f8e,4.9,933,residential,,,,https://www.yellowpages.com/queen-creek-az/window-cleaning,yellowpages,2026-09-06T03:23:47Z,N,website_enriched:simplyreflections; google_rating_enriched_2026-09-15
Rey Window Cleaning,(602) 299-2142,,,,Phoenix,AZ,,https://www.google.com/maps/search/?api=1&query=Rey%20Window%20Cleaning%2C%20Phoenix%2C%20AZ,,,,residential,,,,https://www.yellowpages.com/phoenix-az/window-cleaning?page=7,yellowpages,2026-09-06T03:30:18Z,N,YP also tags draperies — verify window service
Rub A Dub Dub Window Scrub,(480) 968-1200,,,1432 S Bonarden Ln,Tempe,AZ,85281,https://www.google.com/maps/search/?api=1&query=Rub%20A%20Dub%20Dub%20Window%20Scrub%2C%201432%20S%20Bonarden%20Ln%2C%20Tempe%2C%20AZ%2C%2085281,,,,residential,,,,https://www.yellowpages.com/tempe-az/window-cleaning,yellowpages,2026-09-06T03:23:02Z,N,
S.C.W.C - Avondale,(623) 303-3640,,,,Avondale,AZ,85392,"https://www.google.com/maps/place/Arizona+Complete+Health+Avondale+Resource+Center/@33.437891,-112.336772,17z/data=!3m1!4b1!4m6!3m5!1s0x872b38df15493317:0x4878619c135d4ef4!8m2!3d33.437891!4d-112.336772!16s%2Fg%2F1hm5b4dwt?entry=ttu&g_ep=EgoyMDI2MDkwOS4wIKXMDSoASAFQAw%3D%3D",ChIJFzNJFd84K4cR9E5dE5xheEg,4.5,379,residential,,,,https://www.yellowpages.com/buckeye-az/window-cleaning,yellowpages,2026-09-06T03:24:34Z,N,google_rating_enriched_2026-09-15
Saguaro Shine Specialists,(480) 467-7853,https://saguaroshinewindowcleaning.com,,11402 E Aster Dr,Scottsdale,AZ,85259,"https://www.google.com/maps/place/Saguaro+Shine+Window+Cleaning/@33.5867788,-111.924815,17z/data=!3m1!4b1!4m6!3m5!1s0xacaa43ad45e303d9:0x484cea585111065e!8m2!3d33.5867788!4d-111.924815!16s%2Fg%2F11v_5ck1q1?entry=ttu&g_ep=EgoyMDI2MDkwOS4wIKXMDSoASAFQAw%3D%3D",ChIJ2QPjRa1DqqwRXgYRUVjqTEg,5.0,209,residential|commercial,4,,,https://www.yellowpages.com/scottsdale-az/window-cleaning,yellowpages,2026-09-06T03:20:00Z,N,Est 2022; google_rating_enriched_2026-09-15
Saguaro Shine Window Cleaning,(602) 200-2066,https://saguaroshinewindowcleaning.com,cadens@saguaroshineco.com,,Scottsdale,AZ,85259,"https://www.google.com/maps/place/Saguaro+Shine+Window+Cleaning/@33.5867788,-111.924815,17z/data=!3m1!4b1!4m6!3m5!1s0xacaa43ad45e303d9:0x484cea585111065e!8m2!3d33.5867788!4d-111.924815!16s%2Fg%2F11v_5ck1q1?entry=ttu&g_ep=EgoyMDI2MDkwOS4wIKXMDSoASAFQAw%3D%3D",0xacaa43ad45e303d9:0x484cea585111065e,5.0,209,residential,,,,https://saguaroshinewindowcleaning.com/,company_website,2026-09-06T03:31:37Z,N,distinct phone from YP Saguaro Shine Specialists 480-467-7853; google_rating_enriched_2026-09-15
Sasqwashers LLC,(321) 300-6933,,sasqwashers@gmail.com,,Phoenix,AZ,,https://www.google.com/maps/search/?api=1&query=Sasqwashers%20LLC%2C%20Phoenix%2C%20AZ,,4.6,47,residential|commercial,6,,,https://www.angi.com/companylist/us/az/phoenix/window-cleaning.htm,angi,2026-09-06T03:18:28Z,N,FL area code on phone; verify local presence; dual pressure wash
SB Window Cleaning,(480) 256-2060,,,5250 S Hardy Dr #2115,Tempe,AZ,85283,https://www.google.com/maps/search/?api=1&query=SB%20Window%20Cleaning%2C%205250%20S%20Hardy%20Dr%20%232115%2C%20Tempe%2C%20AZ%2C%2085283,,,,residential,,,,https://www.yellowpages.com/tempe-az/window-cleaning,yellowpages,2026-09-06T03:23:02Z,N,
Scottsdale Window Cleaning Co,(480) 789-3078,https://www.scottsdalewindowcleaningcompany.com,,2500 N Hayden Rd,Scottsdale,AZ,85257,"https://www.google.com/maps/place/Scottsdale+Window+Cleaning+Company/@33.6740745,-111.8844756,10z/data=!3m1!4b1!4m6!3m5!1s0x872b0bd5e27a90db:0xaece1a3038282d54!8m2!3d33.6740745!4d-111.8844756!16s%2Fg%2F11b7rtryny?entry=ttu&g_ep=EgoyMDI2MDkwOS4wIKXMDSoASAFQAw%3D%3D",ChIJ25B64tULK4cRVC0oODAazq4,4.9,132,residential,13,,,https://www.yellowpages.com/scottsdale-az/window-cleaning,yellowpages,2026-09-06T03:20:00Z,N,website_enriched:yp_phone; google_rating_enriched_2026-09-15
Scottsdale Window Cleaning Company,(480) 572-1760,https://www.scottsdalewindowcleaningcompany.com,,,Scottsdale,AZ,,"https://www.google.com/maps/place/Scottsdale+Window+Cleaning+Company/@33.6740745,-111.8844756,10z/data=!3m1!4b1!4m6!3m5!1s0x872b0bd5e27a90db:0xaece1a3038282d54!8m2!3d33.6740745!4d-111.8844756!16s%2Fg%2F11b7rtryny?entry=ttu&g_ep=EgoyMDI2MDkwOS4wIKXMDSoASAFQAw%3D%3D",ChIJ25B64tULK4cRVC0oODAazq4,4.9,132,residential,,,,https://www.yellowpages.com/phoenix-az/window-cleaning?page=6,yellowpages,2026-09-06T03:29:41Z,N,website_enriched:yp_name; google_rating_enriched_2026-09-15
Scotty's Glass Cleaning,(602) 896-4241,,,,Phoenix,AZ,,https://www.google.com/maps/search/?api=1&query=Scotty%27s%20Glass%20Cleaning%2C%20Phoenix%2C%20AZ,,,,residential,40,,,https://www.yellowpages.com/phoenix-az/window-cleaning?page=6,yellowpages,2026-09-06T03:29:41Z,N,
Service 1st Window & Pressure Cleaning,(480) 775-3886,https://service1stwindows.com,,4853 W Folley St,Chandler,AZ,85226,https://www.google.com/maps/search/?api=1&query=Service%201st%20Window%20%26%20Pressure%20Cleaning%2C%204853%20W%20Folley%20St%2C%20Chandler%2C%20AZ%2C%2085226,,5.0,100,residential|commercial|solar-panels,43,,,https://service1stwindows.com/,company_website,2026-09-06T03:18:28Z,N,Since 1983; dual pressure wash
Shine of East Valley,(480) 952-7958,https://shine-windowcleaning.com,,700 N Neely St,Gilbert,AZ,85233,"https://www.google.com/maps/place/Shine+of+East+Valley/@33.3604144,-111.7987898,17z/data=!3m1!4b1!4m6!3m5!1s0x872ba92192cf1c17:0x80664e2124b8de91!8m2!3d33.3604144!4d-111.7987898!16s%2Fg%2F11vbg7rdd3?entry=ttu&g_ep=EgoyMDI2MDkwOS4wIKXMDSoASAFQAw%3D%3D",0x872ba92192cf1c17:0x80664e2124b8de91,5.0,157,residential,,,,https://www.yellowpages.com/gilbert-az/window-cleaning,yellowpages,2026-09-06T03:20:55Z,N,google_rating_enriched_2026-09-15
Signature Window Cleaning,(480) 268-1115,https://signaturewindowcleaning.com,,2014 E Wahalla Ln,Phoenix,AZ,85024,"https://www.google.com/maps/place/Signature+Window+Cleaning/@33.6668839,-112.0389179,17z/data=!3m1!4b1!4m6!3m5!1s0x872b717d88dbbf0f:0xf6156fd3f0f3a9c!8m2!3d33.6668839!4d-112.0389179!16s%2Fg%2F11bwm4vq7q?entry=ttu&g_ep=EgoyMDI2MDkwOS4wIKXMDSoASAFQAw%3D%3D",0x872b717d88dbbf0f:0xf6156fd3f0f3a9c,4.9,225,residential|screens,13,,,https://www.yellowpages.com/phoenix-az/window-cleaning,yellowpages,2026-09-06T03:20:00Z,N,Serves Carefree Cave Creek PV Anthem; google_rating_enriched_2026-09-15
Simply Reflections,(602) 999-3983,https://simplyreflections.co/,,10609 W Daley Ln,Peoria,AZ,85383,"https://www.google.com/maps/place/Simply+Reflections/@33.690091,-112.2878858,17z/data=!3m1!4b1!4m6!3m5!1s0x872b5de34963af0d:0x45ed987807e022f2!8m2!3d33.690091!4d-112.2878858!16s%2Fg%2F11wtv7ljsw?entry=ttu&g_ep=EgoyMDI2MDkwOS4wIKXMDSoASAFQAw%3D%3D",0x872b5de34963af0d:0x45ed987807e022f2,4.9,132,window cleaning,,,,https://simplyreflections.co/,company_website,2026-09-06T03:54:03Z,N,google_rating_enriched_2026-09-15
Skyline Pressure Wash,(602) 714-9856,,,,Phoenix,AZ,,"https://www.google.com/maps/place/Skyline+Pressure+Wash/@33.4548801,-112.0789355,16z/data=!3m1!4b1!4m6!3m5!1s0x872b1224c0000001:0x66b9816b52250dd0!8m2!3d33.4548801!4d-112.0789355!16s%2Fg%2F1td5920t?entry=ttu&g_ep=EgoyMDI2MDkwOS4wIKXMDSoASAFQAw%3D%3D",0x872b1224c0000001:0x66b9816b52250dd0,5.0,2,residential,,,,https://www.yellowpages.com/phoenix-az/window-cleaning?page=6,yellowpages,2026-09-06T03:29:41Z,N,dual pressure + windows; google_rating_enriched_2026-09-15
Skyline Window Cleaning,(602) 253-8551,https://skylinewindowcleaning.com,cj@skylinewindowcleaning.com,1329 N 29th Ave,Phoenix,AZ,85009,https://www.google.com/maps/search/?api=1&query=Skyline%20Window%20Cleaning%2C%201329%20N%2029th%20Ave%2C%20Phoenix%2C%20AZ%2C%2085009,,,,commercial|high-reach,,,,https://www.yellowpages.com/phoenix-az/window-cleaning,yellowpages,2026-09-06T03:20:00Z,N,Est 1992; high-rise specialty; commercial_only_highrise possible
Sleek Remedies,(480) 888-6292,http://www.sleekremedies.com,,6900 E Princess Dr,Phoenix,AZ,85054,"https://www.google.com/maps/place/Sleek+Remedies+(sl%C4%93k)/@33.5611935,-111.9523555,10z/data=!3m1!4b1!4m6!3m5!1s0x872b08d7b7fbe663:0xbe9a93b926d96101!8m2!3d33.5611935!4d-111.9523556!16s%2Fg%2F11bwc1c6h8?entry=ttu&g_ep=EgoyMDI2MDkwOS4wIKXMDSoASAFQAw%3D%3D",ChIJY-b7t9cIK4cRAWHZJrmTmr4,5.0,3,residential,,,,https://www.yellowpages.com/phoenix-az/window-cleaning?page=2,yellowpages,2026-09-06T03:20:00Z,N,Desert Ridge / North Phoenix website_enriched:yp_phone; google_rating_enriched_2026-09-15
Slick n Shine Window Washing,(712) 899-4191,,,16220 N 7th St,Phoenix,AZ,85022,"https://www.google.com/maps/place/Slick+n+Shine+LLc/@33.61726,-112.0210995,10z/data=!3m1!4b1!4m6!3m5!1s0x2058bbe5ab180f37:0xbb280d8f4d6b2123!8m2!3d33.61726!4d-112.0210995!16s%2Fg%2F11t_znsm5n?entry=ttu&g_ep=EgoyMDI2MDkwOS4wIKXMDSoASAFQAw%3D%3D",0x2058bbe5ab180f37:0xbb280d8f4d6b2123,5.0,1,residential,,,,https://www.yellowpages.com/phoenix-az/window-cleaning,yellowpages,2026-09-06T03:20:00Z,N,Out-of-state area code; local address present; google_rating_enriched_2026-09-15
Sonoran Green Window Cleaning,(602) 725-9198,https://www.sonorangreenwindowcleaning.com,,,Gilbert,AZ,85295,https://www.google.com/maps/search/?api=1&query=Sonoran%20Green%20Window%20Cleaning%2C%20Gilbert%2C%20AZ%2C%2085295,,,,residential,,,,https://www.yellowpages.com/gilbert-az/window-cleaning,yellowpages,2026-09-06T03:20:55Z,N,website_enriched:yp_phone
Sonoran Shine Window Cleaning,,,,2444 E Vermont Dr,Gilbert,AZ,85295,https://www.google.com/maps/search/?api=1&query=Sonoran%20Shine%20Window%20Cleaning%2C%202444%20E%20Vermont%20Dr%2C%20Gilbert%2C%20AZ%2C%2085295,,5.0,12,residential|commercial,,,,https://www.homeadvisor.com/rated.SonoranShine.159460122.html,angi,2026-09-06T03:18:28Z,N,phone unverified; NE Phoenix Valley
Sonoran Sun Solutions LLC,(623) 879-0226,https://www.sonoransunsolutions.com/,info@sonoransunsolutions.com,"2321 W. Royal Palm Road, Suite K",Phoenix,AZ,85021,"https://www.google.com/maps/place/Sonoran+Sun+Solutions/@33.5554855,-112.1099444,17z/data=!3m1!4b1!4m6!3m5!1s0x872b6f63da065779:0x21def114a66d41ae!8m2!3d33.5554855!4d-112.1099444!16s%2Fg%2F11hzxsf5d1?entry=ttu&g_ep=EgoyMDI2MDkwOS4wIKXMDSoASAFQAw%3D%3D",ChIJeVcG2mNvK4cRrkFtphTx3iE,4.5,8,window cleaning; sun screens,,,,https://www.sonoransunsolutions.com/,company_website,2026-09-06T04:05:05Z,N,added_with_website_verified; screens+windows; google_rating_enriched_2026-09-15
South Mountain Window Cleaning,(480) 519-9327,https://www.southmountainwindowcleaning.com,office@southmountainwindowcleaning.com,8045 S Calle Batoua,Guadalupe,AZ,85283,https://www.google.com/maps/search/?api=1&query=South%20Mountain%20Window%20Cleaning%2C%208045%20S%20Calle%20Batoua%2C%20Guadalupe%2C%20AZ%2C%2085283,,4.5,400,residential|commercial|screens|solar-panels|high-reach,,,,https://www.southmountainwindowcleaning.com/,company_website,2026-09-06T03:18:28Z,N,Assign city Phoenix/Tempe pages; Guadalupe HQ
Southwest Window Cleaning,(480) 922-9274,,,15617 N Aspen Dr,Fountain Hills,AZ,85268,https://www.google.com/maps/search/?api=1&query=Southwest%20Window%20Cleaning%2C%2015617%20N%20Aspen%20Dr%2C%20Fountain%20Hills%2C%20AZ%2C%2085268,,,,residential,34,,,https://www.yellowpages.com/fountain-hills-az/window-cleaning,yellowpages,2026-09-06T03:24:34Z,N,
Sparkle Tech Window Washing,(800) 370-3998,https://sparkletechwindowwashing.com,,28150 N Alma School Pkwy,Scottsdale,AZ,85262,"https://www.google.com/maps/place/Sparkle+Tech+Window+Washing/@33.6740745,-111.85843,10z/data=!3m1!4b1!4m6!3m5!1s0x872b9d4d43fc0a59:0x15f2380fa9e0cc8b!8m2!3d33.6740745!4d-111.85843!16s%2Fg%2F11g7c_8ck8?entry=ttu&g_ep=EgoyMDI2MDkwOS4wIKXMDSoASAFQAw%3D%3D",0x872b9d4d43fc0a59:0x15f2380fa9e0cc8b,4.9,224,residential|commercial|screens|solar-panels,,,,https://www.yellowpages.com/scottsdale-az/window-cleaning,yellowpages,2026-09-06T03:20:00Z,N,Also 888-217-2895 from TBR; google_rating_enriched_2026-09-15
Sparkle Tech Window Washing LLC,(888) 217-2895,https://sparkletechwindowwashing.com,sparkletechwindowwashing@gmail.com,28150 North Alma School Parkway #103-166,Scottsdale,AZ,85262,https://www.google.com/maps/search/?api=1&query=Sparkle%20Tech%20Window%20Washing%20LLC%2C%2028150%20North%20Alma%20School%20Parkway%20%23103-166%2C%20Scottsdale%2C%20AZ%2C%2085262,,4.8,,residential|commercial|screens|solar-panels,16,,,https://threebestrated.com/window-cleaners-in-scottsdale-az,threebestrated,2026-09-06T03:18:28Z,N,Also (877) 889-0956
Sparkle Tech Window Washing Peoria,(623) 225-7570,https://sparkletechwindowwashing.com,,24654 N Lake Pleasant Pkwy,Peoria,AZ,85383,"https://www.google.com/maps/place/Sparkle+Tech+Window+Washing/@33.7539325,-112.3248305,11z/data=!3m1!4b1!4m6!3m5!1s0x872b5da630d9992f:0x3967ed043db04182!8m2!3d33.7539325!4d-112.3248305!16s%2Fg%2F1tlbpmb2?entry=ttu&g_ep=EgoyMDI2MDkwOS4wIKXMDSoASAFQAw%3D%3D",ChIJL5nZMKZdK4cRgkGwPQTtZzk,4.8,477,residential,16,,,https://www.yellowpages.com/sun-city-az/window-cleaning,yellowpages,2026-09-06T03:27:54Z,N,also listed Surprise Greer St / Peoria Az Window Cleaning same phone; website_enriched_from_known; google_rating_enriched_2026-09-15
Sparkletime Window Cleaning,(480) 225-5141,https://www.sparkletime.net,sparkletime1@gmail.com,6929 N Hayden Rd,Scottsdale,AZ,85250,"https://www.google.com/maps/place/Sparkletime+Window+Cleaning/@33.5370668,-111.9068093,17z/data=!3m1!4b1!4m6!3m5!1s0x872b0b1f6ee57541:0x9a974eb1383d2828!8m2!3d33.5370668!4d-111.9068093!16s%2Fg%2F1tdjxgt_?entry=ttu&g_ep=EgoyMDI2MDkwOS4wIKXMDSoASAFQAw%3D%3D",0x872b0b1f6ee57541:0x9a974eb1383d2828,4.4,28,residential,,,,https://www.yellowpages.com/scottsdale-az/window-cleaning,yellowpages,2026-09-06T03:20:00Z,N,google_rating_enriched_2026-09-15
Sparkletime Window Cleaning (Fountain Hills),(480) 409-2780,http://sparkletime.net,,16847 E Parkview Ave Suite 206-a1,Fountain Hills,AZ,85268,https://www.google.com/maps/search/?api=1&query=Sparkletime%20Window%20Cleaning%20%28Fountain%20Hills%29%2C%2016847%20E%20Parkview%20Ave%20Suite%20206-a1%2C%20Fountain%20Hills%2C%20AZ%2C%2085268,,,,residential,,,,https://www.yellowpages.com/fountain-hills-az/window-cleaning,yellowpages,2026-09-06T03:24:34Z,N,website_enriched:yp_name_soft
Sparkletime Window Cleaning (Gilbert),(480) 409-2905,http://sparkletime.net,,876 E Windsor Dr,Gilbert,AZ,85296,"https://www.google.com/maps/place/Sparkletime+Window+Cleaning/@33.5370668,-111.9068093,17z/data=!3m1!4b1!4m6!3m5!1s0x872b0b1f6ee57541:0x9a974eb1383d2828!8m2!3d33.5370668!4d-111.9068093!16s%2Fg%2F1tdjxgt_?entry=ttu&g_ep=EgoyMDI2MDkwOS4wIKXMDSoASAFQAw%3D%3D",ChIJQXXlbh8LK4cRKCg9OLFOl5o,4.4,28,residential,,,,https://www.yellowpages.com/gilbert-az/window-cleaning,yellowpages,2026-09-06T03:20:55Z,N,Distinct phone from Scottsdale Sparkletime website_enriched:yp_phone; google_rating_enriched_2026-09-15
Sparkletime Window Cleaning (Phoenix 24th St),(602) 714-7832,http://sparkletime.net,,2942 N 24th St Ste 114-492,Phoenix,AZ,85016,https://www.google.com/maps/search/?api=1&query=Sparkletime%20Window%20Cleaning%20%28Phoenix%2024th%20St%29%2C%202942%20N%2024th%20St%20Ste%20114-492%2C%20Phoenix%2C%20AZ%2C%2085016,,,,residential,,,,https://www.yellowpages.com/phoenix-az/window-cleaning?page=3,yellowpages,2026-09-06T03:24:34Z,N,website_enriched:yp_name_soft
SparkleTime Window Washing Tempe,(480) 907-2023,https://www.sparkletime.net,,1007 N Parkside Dr Apt 115,Tempe,AZ,85281,https://www.google.com/maps/search/?api=1&query=SparkleTime%20Window%20Washing%20Tempe%2C%201007%20N%20Parkside%20Dr%20Apt%20115%2C%20Tempe%2C%20AZ%2C%2085281,,,,residential,26,,,https://www.yellowpages.com/phoenix-az/window-cleaning?page=9,yellowpages,2026-09-06T03:34:54Z,N,distinct phone from Sparkletime Scottsdale 480-225-5141
Special Ops Clean Team,(602) 765-0086,https://www.specialopscleanteam.com,,,Phoenix,AZ,,"https://www.google.com/maps/place/Special+Ops+Clean+Team/@33.6746104,-112.0301729,17z/data=!3m1!4b1!4m6!3m5!1s0x872b7030b15362af:0x2be0602c15fae755!8m2!3d33.6746104!4d-112.0301729!16s%2Fg%2F11b6_90lkc?entry=ttu&g_ep=EgoyMDI2MDkwOS4wIKXMDSoASAFQAw%3D%3D",0x872b7030b15362af:0x2be0602c15fae755,4.6,79,window cleaning,,,,https://www.specialopscleanteam.com,company_website,2026-09-06T03:52:19Z,N,google_rating_enriched_2026-09-15
Spotless in Scottsdale LLC,(480) 477-5942,,,,Scottsdale,AZ,85251,"https://www.google.com/maps/place/Spotless+Window+Squad/@33.5786976,-111.880157,17z/data=!3m1!4b1!4m6!3m5!1s0x847fc20aa8272ccf:0xa48a82df997bd161!8m2!3d33.5786976!4d-111.880157!16s%2Fg%2F11tszg_vfp?entry=ttu&g_ep=EgoyMDI2MDkwOS4wIKXMDSoASAFQAw%3D%3D",0x847fc20aa8272ccf:0xa48a82df997bd161,5.0,122,residential,,,,https://www.yellowpages.com/scottsdale-az/window-cleaning,yellowpages,2026-09-06T03:20:00Z,N,Distinct from Spotless Window Squad; google_rating_enriched_2026-09-15
Spotless Window Cleaning (Avondale),(623) 866-9610,https://spotlesswindowsarizona.com,,,Avondale,AZ,,"https://www.google.com/maps/place/Spotless+Window+Cleaning+LLC/@33.4385518,-112.3914854,17z/data=!3m1!4b1!4m6!3m5!1s0x872b395357b42839:0xd2ba7a8a0b293eb2!8m2!3d33.4385518!4d-112.3914854!16s%2Fg%2F11g_zlkyv1?entry=ttu&g_ep=EgoyMDI2MDkwOS4wIKXMDSoASAFQAw%3D%3D",ChIJOSi0V1M5K4cRsj4pC4p6utI,5.0,31,residential|screens,,,,https://spotlesswindowsarizona.com/,company_website,2026-09-06T03:18:28Z,N,West Valley Avondale; google_rating_enriched_2026-09-15
Spotless Window Squad,(480) 637-4900,https://www.spotlesswindows.com,,10101 N 92nd St,Scottsdale,AZ,85258,"https://www.google.com/maps/place/Spotless+Window+Squad/@33.5786976,-111.880157,17z/data=!3m1!4b1!4m6!3m5!1s0x847fc20aa8272ccf:0xa48a82df997bd161!8m2!3d33.5786976!4d-111.880157!16s%2Fg%2F11tszg_vfp?entry=ttu&g_ep=EgoyMDI2MDkwOS4wIKXMDSoASAFQAw%3D%3D",0x847fc20aa8272ccf:0xa48a82df997bd161,4.8,315,residential|commercial,,,,https://www.yellowpages.com/scottsdale-az/window-cleaning,yellowpages,2026-09-06T03:20:00Z,N,google_rating_enriched_2026-09-15
Springs Window Shine,(480) 434-3472,,,3157 E Muirfield St,Gilbert,AZ,85298,https://www.google.com/maps/search/?api=1&query=Springs%20Window%20Shine%2C%203157%20E%20Muirfield%20St%2C%20Gilbert%2C%20AZ%2C%2085298,,,,residential,,,,https://www.yellowpages.com/gilbert-az/window-cleaning,yellowpages,2026-09-06T03:20:55Z,N,
Squeaky Clean Wash Bros,(480) 600-0740,https://squeakycleanbros.com,,7974 W San Miguel Ave,Glendale,AZ,85303,"https://www.google.com/maps/place/Squeaky+Clean+Wash+Bros+%7C+Window+Cleaning+%26+Janitorial/@34.1680349,-111.9307474,7z/data=!3m1!4b1!4m6!3m5!1s0x425c7cbfafd6715f:0xf49a51b7c4b94605!8m2!3d34.168035!4d-111.9307474!16s%2Fg%2F11ldsb1kf3?entry=ttu&g_ep=EgoyMDI2MDkwOS4wIKXMDSoASAFQAw%3D%3D",ChIJX3HWr798XEIRBUa5xLdRmvQ,5.0,103,residential,,,,https://www.yellowpages.com/glendale-az/window-cleaning,yellowpages,2026-09-06T03:23:02Z,N,website_enriched:yp_phone; google_rating_enriched_2026-09-15
Squeaky Clean Window Cleaning,(602) 842-3075,,,12017 West Vernon Ave,Avondale,AZ,85392,"https://www.google.com/maps/place/Squeaky+Clean+Cleaning/@33.4743888,-112.3690174,17z/data=!3m1!4b1!4m6!3m5!1s0x8f160d4096178987:0xe0f250bc365703da!8m2!3d33.4743888!4d-112.3690174!16s%2Fg%2F11ywvt1sz0?entry=ttu&g_ep=EgoyMDI2MDkwOS4wIKXMDSoASAFQAw%3D%3D",ChIJh4kXlkANFo8R2gNXNrxQ8uA,5.0,2,residential,,,,https://www.yellowpages.com/goodyear-az/window-cleaning,yellowpages,2026-09-06T03:27:05Z,N,google_rating_enriched_2026-09-15
Squeege Clean LLC,(619) 961-6623,,,2902 W Sweetwater Ave,Phoenix,AZ,85029,"https://www.google.com/maps/place/Squeegee+Slingers+Window+Cleaning/@33.6180939,-112.0040326,17z/data=!3m1!4b1!4m6!3m5!1s0x872b73a4ed24720b:0x26f911da011973ff!8m2!3d33.6180939!4d-112.0040326!16s%2Fg%2F11nmcv4x6c?entry=ttu&g_ep=EgoyMDI2MDkwOS4wIKXMDSoASAFQAw%3D%3D",ChIJC3Ik7aRzK4cR_3MZAdoR-SY,5.0,24,residential,16,,,https://www.yellowpages.com/phoenix-az/window-cleaning?page=2,yellowpages,2026-09-06T03:20:00Z,N,CA area code; local address; google_rating_enriched_2026-09-15
Squeegee Bros Window Cleaning,(480) 662-1605,https://squeegeebroswindowcleaning.com,,,Scottsdale,AZ,,https://www.google.com/maps/search/?api=1&query=Squeegee%20Bros%20Window%20Cleaning%2C%20Scottsdale%2C%20AZ,,5.0,500,residential|commercial|screens|solar-panels,8,,,https://squeegeebroswindowcleaning.com/,company_website,2026-09-06T03:18:28Z,N,Owner George Smith; est 2018
Squeegee King Window Cleaning,(480) 371-6547,,,2319 E Taro Ln,Phoenix,AZ,85024,https://www.google.com/maps/search/?api=1&query=Squeegee%20King%20Window%20Cleaning%2C%202319%20E%20Taro%20Ln%2C%20Phoenix%2C%20AZ%2C%2085024,,,,residential,,,,https://www.yellowpages.com/phoenix-az/window-cleaning?page=2,yellowpages,2026-09-06T03:20:00Z,N,
Squeegee Pro Window Cleaning,(480) 648-9378,,,4135 S Power Rd,Mesa,AZ,85212,"https://www.google.com/maps/place/Squeegee+Bros+Window+Cleaning/@33.5015696,-111.9312895,17z/data=!3m1!4b1!4m6!3m5!1s0x872b740e429221cb:0x5cfca20dad49156b!8m2!3d33.5015696!4d-111.9312895!16s%2Fg%2F11f6krw_vq?entry=ttu&g_ep=EgoyMDI2MDkwOS4wIKXMDSoASAFQAw%3D%3D",ChIJyyGSQg50K4cRaxVJrQ2i_Fw,5.0,521,residential,21,,,https://www.yellowpages.com/queen-creek-az/window-cleaning,yellowpages,2026-09-06T03:23:47Z,N,google_rating_enriched_2026-09-15
Squeegee Slingers Window Cleaning,(602) 849-9069,,,14436 N 36th Pl,Phoenix,AZ,85032,"https://www.google.com/maps/place/Squeegee+Slingers+Window+Cleaning/@33.6180939,-112.0040326,17z/data=!3m1!4b1!4m6!3m5!1s0x872b73a4ed24720b:0x26f911da011973ff!8m2!3d33.6180939!4d-112.0040326!16s%2Fg%2F11nmcv4x6c?entry=ttu&g_ep=EgoyMDI2MDkwOS4wIKXMDSoASAFQAw%3D%3D",0x872b73a4ed24720b:0x26f911da011973ff,5.0,24,residential,,,,https://www.yellowpages.com/phoenix-az/window-cleaning?page=2,yellowpages,2026-09-06T03:20:00Z,N,google_rating_enriched_2026-09-15
Squeegee Squad Phoenix,(480) 288-0053,https://squeegeesquad.com/locations/phoenix-az/,,,Phoenix,AZ,,"https://www.google.com/maps/place/Squeegee+Squad+-+Phoenix/@32.9626839,-111.6678275,8z/data=!3m1!4b1!4m6!3m5!1s0x872b098a0c835299:0x9f5abb5d2fbe65dd!8m2!3d32.962684!4d-111.6678276!16s%2Fg%2F11p4kg3dz6?entry=ttu&g_ep=EgoyMDI2MDkwOS4wIKXMDSoASAFQAw%3D%3D",ChIJmVKDDIoJK4cR3WW-L127Wp8,5.0,1,residential|commercial,,,,https://squeegeesquad.com/locations/phoenix-az/,company_website,2026-09-06T03:18:28Z,Y,Franchise local branch; serves Scottsdale Tempe Fountain Hills PV; google_rating_enriched_2026-09-15
Squeegeezy,,https://www.squeegeezy.com,,,Phoenix,AZ,,,,4.9,500,residential|commercial,,,,https://www.squeegeezy.com/window-cleaning/phoenix-arizona,company_website,2026-09-06T03:18:28Z,N,phone unverified on SERP page
Squeegeezy Window Cleaning,(602) 353-7077,https://www.squeegeezy.com,,4550 E Bell Rd #376,Phoenix,AZ,85032,"https://www.google.com/maps/place/Squeegee+Bros+Window+Cleaning/@33.5015696,-111.9312895,17z/data=!3m1!4b1!4m6!3m5!1s0x872b740e429221cb:0x5cfca20dad49156b!8m2!3d33.5015696!4d-111.9312895!16s%2Fg%2F11f6krw_vq?entry=ttu&g_ep=EgoyMDI2MDkwOS4wIKXMDSoASAFQAw%3D%3D",ChIJyyGSQg50K4cRaxVJrQ2i_Fw,5.0,521,residential|commercial,,,,https://www.yellowpages.com/phoenix-az/window-cleaning,yellowpages,2026-09-06T03:20:00Z,N,google_rating_enriched_2026-09-15
Squeeky Kleen Windows,(480) 779-4571,http://www.squeekykleenwindows.com,,7735 E Gelding Dr,Scottsdale,AZ,85260,"https://www.google.com/maps/place/Squeeky+Kleen+Windows/@33.6148534,-111.9140093,17z/data=!3m1!4b1!4m6!3m5!1s0x872b744f06b53d71:0x102e06211a87b489!8m2!3d33.6148534!4d-111.9140093!16s%2Fg%2F1tjg_v81?entry=ttu&g_ep=EgoyMDI2MDkwOS4wIKXMDSoASAFQAw%3D%3D",ChIJcT21Bk90K4cRibSHGiEGLhA,4.2,13,residential,,,,https://www.yellowpages.com/scottsdale-az/window-cleaning,yellowpages,2026-09-06T03:20:00Z,N,website_enriched:yp_name; google_rating_enriched_2026-09-15
Squeeky Kleen Windows (623 line),(623) 939-1800,http://www.squeekykleenwindows.com,,,Buckeye,AZ,,"https://www.google.com/maps/place/Squeeky+Kleen+Windows/@33.6148534,-111.9140093,17z/data=!3m1!4b1!4m6!3m5!1s0x872b744f06b53d71:0x102e06211a87b489!8m2!3d33.6148534!4d-111.9140093!16s%2Fg%2F1tjg_v81?entry=ttu&g_ep=EgoyMDI2MDkwOS4wIKXMDSoASAFQAw%3D%3D",ChIJcT21Bk90K4cRibSHGiEGLhA,4.2,13,residential,,,,https://www.yellowpages.com/buckeye-az/window-cleaning,yellowpages,2026-09-06T03:24:34Z,N,additional Squeeky Kleen line on Buckeye YP website_enriched:yp_name_soft; google_rating_enriched_2026-09-15
Squeeky Kleen Windows (Northsight),(480) 609-1240,http://www.squeekykleenwindows.com,,15678 N Northsight Blvd,Scottsdale,AZ,85260,"https://www.google.com/maps/place/Squeeky+Kleen+Windows/@33.6148534,-111.9140093,17z/data=!3m1!4b1!4m6!3m5!1s0x872b744f06b53d71:0x102e06211a87b489!8m2!3d33.6148534!4d-111.9140093!16s%2Fg%2F1tjg_v81?entry=ttu&g_ep=EgoyMDI2MDkwOS4wIKXMDSoASAFQAw%3D%3D",ChIJcT21Bk90K4cRibSHGiEGLhA,4.2,13,residential,,,,https://www.yellowpages.com/scottsdale-az/window-cleaning,yellowpages,2026-09-06T03:20:00Z,N,Second Squeeky Kleen location/phone website_enriched:yp_phone; google_rating_enriched_2026-09-15
Squeeky Kleen Windows (Peoria HQ),(480) 221-1240,https://squeekykleenwindows.com,,9069 W Olive Ave Suite 111-430,Peoria,AZ,85345,https://www.google.com/maps/search/?api=1&query=Squeeky%20Kleen%20Windows%20%28Peoria%20HQ%29%2C%209069%20W%20Olive%20Ave%20Suite%20111-430%2C%20Peoria%2C%20AZ%2C%2085345,,,,residential,,,,https://squeekykleenwindows.com/contact-us/,company_website,2026-09-06T03:23:02Z,N,Valleywide Peoria HQ
Stars & Stripes Window Washing,(623) 931-9450,,,12657 W Cherry Hills Dr,El Mirage,AZ,85335,https://www.google.com/maps/search/?api=1&query=Stars%20%26%20Stripes%20Window%20Washing%2C%2012657%20W%20Cherry%20Hills%20Dr%2C%20El%20Mirage%2C%20AZ%2C%2085335,,,,residential,23,,,https://www.yellowpages.com/surprise-az/window-cleaning,yellowpages,2026-09-06T03:23:47Z,N,
State Forty-Eight Window Cleaning,(602) 758-7411,https://state48windowcleaning.com,,4743 N Scottsdale Rd,Scottsdale,AZ,85251,"https://www.google.com/maps/place/State+Forty-Eight+Window+Cleaning+-+Scottsdale/@33.7156693,-111.8283774,17z/data=!3m1!4b1!4m6!3m5!1s0x872b0bf6bd05ea43:0xace994433ed5afe7!8m2!3d33.7156693!4d-111.8283774!16s%2Fg%2F11tn9qvsw3?entry=ttu&g_ep=EgoyMDI2MDkwOS4wIKXMDSoASAFQAw%3D%3D",0x872b0bf6bd05ea43:0xace994433ed5afe7,5.0,140,residential,,,,https://www.yellowpages.com/scottsdale-az/window-cleaning,yellowpages,2026-09-06T03:20:00Z,N,Same address as BNB; distinct phone website_enriched:yp_phone; google_rating_enriched_2026-09-15
Streak Free Window Cleaning Laveen,(602) 243-3157,https://streakfreeaz.com,,7032 W St Charles Ave,Laveen,AZ,85339,https://www.google.com/maps/search/?api=1&query=Streak%20Free%20Window%20Cleaning%20Laveen%2C%207032%20W%20St%20Charles%20Ave%2C%20Laveen%2C%20AZ%2C%2085339,,,,residential,,,,https://www.yellowpages.com/phoenix-az/window-cleaning?page=7,yellowpages,2026-09-06T03:30:18Z,N,website_enriched_from_known
Streak Free's Professional Window Washing,(208) 569-1317,https://streakfreeaz.com,,12260 W Lone Tree Trl,Peoria,AZ,85383,https://www.google.com/maps/search/?api=1&query=Streak%20Free%27s%20Professional%20Window%20Washing%2C%2012260%20W%20Lone%20Tree%20Trl%2C%20Peoria%2C%20AZ%2C%2085383,,,,residential,,,,https://www.yellowpages.com/peoria-az/window-cleaning,yellowpages,2026-09-06T03:23:02Z,N,ID area code; local Peoria address; website_enriched_from_known
Streak Patrol,(480) 869-0179,https://streakpatrol.com/,,4808 N 24th St,Phoenix,AZ,85016,"https://www.google.com/maps/place/AZ+Streak+Free/@33.3602038,-111.8905343,17z/data=!3m1!4b1!4m6!3m5!1s0x872b09ae58e24bb9:0xbe829dba99c7f797!8m2!3d33.3602038!4d-111.8905343!16s%2Fg%2F11j8h6vtng?entry=ttu&g_ep=EgoyMDI2MDkwOS4wIKXMDSoASAFQAw%3D%3D",ChIJuUviWK4JK4cRl_fHmbqdgr4,5.0,62,window cleaning,,,,https://streakpatrol.com/,company_website,2026-09-06T03:58:31Z,N,added_with_website_verified; google_rating_enriched_2026-09-15
StreakFree Az Window Cleaning,(602) 554-2804,https://streakfreeaz.com,,,Goodyear,AZ,,"https://www.google.com/maps/place/StreakFree+Az+Window+Cleaning/@33.638078,-112.182236,10z/data=!3m1!4b1!4m6!3m5!1s0x6628f4469eddb7ef:0x6a6d1b8011e61b75!8m2!3d33.638078!4d-112.182236!16s%2Fg%2F11l20lclsb?entry=ttu&g_ep=EgoyMDI2MDkwOS4wIKXMDSoASAFQAw%3D%3D",ChIJ77fdnkb0KGYRdRvmEYAbbWo,5.0,21,residential,,,,https://www.yellowpages.com/goodyear-az/window-cleaning,yellowpages,2026-09-06T03:27:05Z,N,website_enriched_from_known; google_rating_enriched_2026-09-15
Streakless Window Washing of Phoenix,(602) 513-1220,http://www.streaklesswindowwashing.com,,3914 E Captain Dreyfus Ave,Phoenix,AZ,85032,https://www.google.com/maps/search/?api=1&query=Streakless%20Window%20Washing%20of%20Phoenix%2C%203914%20E%20Captain%20Dreyfus%20Ave%2C%20Phoenix%2C%20AZ%2C%2085032,,,,residential,,,,https://www.yellowpages.com/phoenix-az/window-cleaning?page=3,yellowpages,2026-09-06T03:24:34Z,N,website_enriched:yp_p3_phone
Sun Ray Cleaning LLC,(480) 440-4308,https://sunraycleaningllc.com/,,,Mesa,AZ,,"https://www.google.com/maps/place/Sun+Ray+Cleaning/@33.5246355,-112.1680341,10z/data=!3m1!4b1!4m6!3m5!1s0x87704fd455b8d25f:0x7405850088c85cb!8m2!3d33.5246356!4d-112.168034!16s%2Fg%2F11rrbr7l1v?entry=ttu&g_ep=EgoyMDI2MDkwOS4wIKXMDSoASAFQAw%3D%3D",0x87704fd455b8d25f:0x7405850088c85cb,5.0,22,window cleaning,,,,https://sunraycleaningllc.com/,company_website,2026-09-06T03:54:45Z,N,added_with_website_from_company_site; google_rating_enriched_2026-09-15
Sun Valley Window Washers,(480) 630-5059,https://sunvalleywindowwashers.com,,1075 N Miller Rd,Scottsdale,AZ,85257,"https://www.google.com/maps/place/Sun+Valley+Window+Washers/@33.4560465,-111.9326429,17z/data=!3m1!4b1!4m6!3m5!1s0x872b098831bf5e0f:0x4fc724af3acd2580!8m2!3d33.4560465!4d-111.9326429!16s%2Fg%2F11gy2p90mf?entry=ttu&g_ep=EgoyMDI2MDkwOS4wIKXMDSoASAFQAw%3D%3D",0x872b098831bf5e0f:0x4fc724af3acd2580,4.8,111,residential,,,,https://www.yellowpages.com/scottsdale-az/window-cleaning,yellowpages,2026-09-06T03:20:00Z,N,google_rating_enriched_2026-09-15
Sunbros Cleaning,(602) 501-9847,https://sunbroscleaning.com/,,,Sun City,AZ,,"https://www.google.com/maps/place/Sunbros+Solar+Panel+Cleaning/@33.5990336,-112.23109,17z/data=!3m1!4b1!4m6!3m5!1s0x2323185ffa070b6f:0x808ba40a465cd100!8m2!3d33.5990336!4d-112.23109!16s%2Fg%2F11ks6dknjv?entry=ttu&g_ep=EgoyMDI2MDkwOS4wIKXMDSoASAFQAw%3D%3D",0x2323185ffa070b6f:0x808ba40a465cd100,5.0,506,window cleaning,,,,https://sunbroscleaning.com/,company_website,2026-09-06T03:54:45Z,N,added_with_website_from_company_site; google_rating_enriched_2026-09-15
Sunny Window Co,(623) 303-9043,https://sunnywindowco.com,,,Gilbert,AZ,,"https://www.google.com/maps/place/Sunny+Window+Co.+%7C+Cleaning+Service/@33.2766146,-112.1874899,9z/data=!3m1!4b1!4m6!3m5!1s0x2ff22ddfdebbe753:0x6a2c64c75969491d!8m2!3d33.2766146!4d-112.18749!16s%2Fg%2F11xf2gj9ww?entry=ttu&g_ep=EgoyMDI2MDkwOS4wIKXMDSoASAFQAw%3D%3D",ChIJU-e73t8t8i8RHUlpWcdkLGo,4.9,41,residential,,,,https://sunnywindowco.com/index.html,company_website,2026-09-06T03:29:01Z,N,also markets Chandler Mesa Scottsdale Phoenix; google_rating_enriched_2026-09-15
Sunshine Services Window Cleaning,(623) 695-1977,https://www.sunshinemywindowcleaner.com,,19801 N 59th Ave,Glendale,AZ,85318,https://www.google.com/maps/search/?api=1&query=Sunshine%20Services%20Window%20Cleaning%2C%2019801%20N%2059th%20Ave%2C%20Glendale%2C%20AZ%2C%2085318,,,,residential,,,,https://www.yellowpages.com/glendale-az/window-cleaning,yellowpages,2026-09-06T03:23:02Z,N,website_enriched:yp_phone
SunsUp Cleaning Services,(480) 278-1219,https://sunsupcleaning.com/,,1349 S Hall,Mesa,AZ,85204,"https://www.google.com/maps/place/SunsUp+Cleaning+%7C+Solar+Panel+Cleaning/@33.3902103,-111.7928135,17z/data=!3m1!4b1!4m6!3m5!1s0x489c261e25d373d3:0x7b1aad7da0c3a22d!8m2!3d33.3902103!4d-111.7928135!16s%2Fg%2F11vk84_tbt?entry=ttu&g_ep=EgoyMDI2MDkwOS4wIKXMDSoASAFQAw%3D%3D",ChIJ03PTJR4mnEgRLaLDoH2tGns,4.9,251,window cleaning,,,,https://sunsupcleaning.com/,company_website,2026-09-06T03:49:24Z,N,google_rating_enriched_2026-09-15
Sunview Professional Window Cleaning LLC,(602) 614-7204,,sunviewwindowcleaning.az@gmail.com,,Phoenix,AZ,,"https://www.google.com/maps/place/Sunview+Professional+Window+Cleaning,+LLC/@33.3885729,-112.5627366,17z/data=!3m1!4b1!4m6!3m5!1s0x872b73a73f3dcbed:0xb073e2bba852e431!8m2!3d33.3885729!4d-112.5627366!16s%2Fg%2F11ghp_b8qb?entry=ttu&g_ep=EgoyMDI2MDkwOS4wIKXMDSoASAFQAw%3D%3D",0x872b73a73f3dcbed:0xb073e2bba852e431,3.5,13,residential|commercial|high-reach,19,,,https://linkedin.com/company/sunviewwindow,linkedin,2026-09-06T03:18:28Z,N,Owner Miguel Mercado; since 2007; google_rating_enriched_2026-09-15
Superior View Window Cleaning,(623) 215-4250,http://www.superiorviewaz.com,,9524 W Camelback Rd Ste C130,Glendale,AZ,85305,"https://www.google.com/maps/place/Superior+View+Window+Cleaning+LLC/@33.5088829,-112.2646211,17z/data=!3m1!4b1!4m6!3m5!1s0x872b406c8308204b:0xac791fe3a7160474!8m2!3d33.5088829!4d-112.2646211!16s%2Fg%2F1td2hcln?entry=ttu&g_ep=EgoyMDI2MDkwOS4wIKXMDSoASAFQAw%3D%3D",0x872b406c8308204b:0xac791fe3a7160474,5.0,1,residential,,,,https://www.yellowpages.com/glendale-az/window-cleaning,yellowpages,2026-09-06T03:23:02Z,N,website_enriched:yp_phone; google_rating_enriched_2026-09-15
Superior Window Cleaning,(623) 444-0277,,,4101 W Union Hills Dr,Glendale,AZ,85308,"https://www.google.com/maps/place/Superior+View+Window+Cleaning+LLC/@33.5088829,-112.2646211,17z/data=!3m1!4b1!4m6!3m5!1s0x872b406c8308204b:0xac791fe3a7160474!8m2!3d33.5088829!4d-112.2646211!16s%2Fg%2F1td2hcln?entry=ttu&g_ep=EgoyMDI2MDkwOS4wIKXMDSoASAFQAw%3D%3D",0x872b406c8308204b:0xac791fe3a7160474,5.0,1,residential,14,,,https://www.yellowpages.com/glendale-az/window-cleaning,yellowpages,2026-09-06T03:23:02Z,N,google_rating_enriched_2026-09-15
Superior Window Cleaning (Buckeye listing),(623) 418-9032,,,,Buckeye,AZ,,https://www.google.com/maps/search/?api=1&query=Superior%20Window%20Cleaning%20%28Buckeye%20listing%29%2C%20Buckeye%2C%20AZ,,,,residential,,,,https://www.yellowpages.com/buckeye-az/window-cleaning,yellowpages,2026-09-06T03:24:34Z,N,distinct phone from Glendale Superior
T-Pane Window & Floor Cleaning,(602) 733-3834,https://www.t-pane.com,,2741 E Cattle Dr,Gilbert,AZ,85297,"https://www.google.com/maps/place/T-Pane+Window+%26+Floor+Cleaning,+LLC/@33.3301371,-111.741455,11z/data=!3m1!4b1!4m6!3m5!1s0x872babf3c4b70a2f:0x1da80135c3977431!8m2!3d33.3301371!4d-111.741455!16s%2Fg%2F11pg8y9qzr?entry=ttu&g_ep=EgoyMDI2MDkwOS4wIKXMDSoASAFQAw%3D%3D",0x872babf3c4b70a2f:0x1da80135c3977431,4.9,32,residential,7,,,https://www.yellowpages.com/gilbert-az/window-cleaning,yellowpages,2026-09-06T03:20:55Z,N,website_enriched:yp_phone; google_rating_enriched_2026-09-15
T.C. Window Washing,(602) 625-2481,,,,Phoenix,AZ,85086,"https://www.google.com/maps/place/T.C.+Window+Washing/@33.2766146,-112.1874899,9z/data=!3m1!4b1!4m6!3m5!1s0x872b63cfa455258b:0x4e1db1cba92a4601!8m2!3d33.2766146!4d-112.18749!16s%2Fg%2F1tfzscz3?entry=ttu&g_ep=EgoyMDI2MDkwOS4wIKXMDSoASAFQAw%3D%3D",0x872b63cfa455258b:0x4e1db1cba92a4601,4.0,4,residential,16,,,https://www.yellowpages.com/phoenix-az/window-cleaning?page=3,yellowpages,2026-09-06T03:24:34Z,N,Anthem/New River ZIP; North Phoenix page; google_rating_enriched_2026-09-15
Tactical Pressure Wash & Cleaning,(480) 272-3025,https://www.tacticalpressurewash.com,,5836 E Hampton Ave,Mesa,AZ,85206,https://www.google.com/maps/search/?api=1&query=Tactical%20Pressure%20Wash%20%26%20Cleaning%2C%205836%20E%20Hampton%20Ave%2C%20Mesa%2C%20AZ%2C%2085206,,,,residential,,,,https://www.yellowpages.com/queen-creek-az/window-cleaning,yellowpages,2026-09-06T03:23:47Z,N,website_enriched:yp_phone
The Arizona Outdoor Cleaning Company,(480) 435-5190,http://azwindowsandmore.com,,2753 E Broadway Ste 476,Mesa,AZ,85204,https://www.google.com/maps/search/?api=1&query=The%20Arizona%20Outdoor%20Cleaning%20Company%2C%202753%20E%20Broadway%20Ste%20476%2C%20Mesa%2C%20AZ%2C%2085204,,,,residential,2,,,https://www.yellowpages.com/apache-junction-az/window-cleaning,yellowpages,2026-09-06T03:26:07Z,N,website_enriched:yp_phone
The Pane In The Glass,(602) 575-4156,,,,Phoenix,AZ,85050,"https://www.google.com/maps/place/Pane+in+the+Glass+Window+Cleaning/@34.2539815,-111.2611112,17z/data=!3m1!4b1!4m6!3m5!1s0x872c1bf624881155:0xfb95be4da8ca31c5!8m2!3d34.2539815!4d-111.2611112!16s%2Fg%2F11sf4ks8w8?entry=ttu&g_ep=EgoyMDI2MDkwOS4wIKXMDSoASAFQAw%3D%3D",ChIJVRGIJPYbLIcRxTHKqE2-lfs,5.0,12,residential,,,,https://www.yellowpages.com/phoenix-az/window-cleaning?page=3,yellowpages,2026-09-06T03:24:34Z,N,google_rating_enriched_2026-09-15
The Super Clean Bros,(602) 582-8202,https://thesupercleanbros.com,,23023 N 92nd Ave,Peoria,AZ,85383,"https://www.google.com/maps/place/The+Super+Clean+Bros/@34.1680349,-111.9307474,7z/data=!3m1!4b1!4m6!3m5!1s0x49ef4443a47b41e1:0x909fb07c810f34c8!8m2!3d34.168035!4d-111.9307474!16s%2Fg%2F11rqwqjnl1?entry=ttu&g_ep=EgoyMDI2MDkwOS4wIKXMDSoASAFQAw%3D%3D",0x49ef4443a47b41e1:0x909fb07c810f34c8,5.0,85,residential|commercial|screens|solar-panels,4,,,https://thesupercleanbros.com/window-cleaning-glendale-az/,company_website,2026-09-06T03:18:28Z,N,Founded 2022; Peoria HQ; google_rating_enriched_2026-09-15
The Window Cleaner AZ,(623) 738-6064,https://thewindowcleaneraz.com/,,,Surprise,AZ,,"https://www.google.com/maps/place/The+Window+Cleaner+AZ/@33.485838,-112.4710066,9z/data=!3m1!4b1!4m6!3m5!1s0x872b4348160076cf:0x696cf074fb18c701!8m2!3d33.485838!4d-112.4710066!16s%2Fg%2F12hvd0zfw?entry=ttu&g_ep=EgoyMDI2MDkwOS4wIKXMDSoASAFQAw%3D%3D",ChIJz3YAFkhDK4cRAccY-3TwbGk,5.0,1,window cleaning,,,,https://thewindowcleaneraz.com/,company_website,2026-09-06T04:04:49Z,N,added_with_website_verified; West Valley Surprise/Goodyear/Peoria; google_rating_enriched_2026-09-15
The Window Knight,(480) 822-0511,https://www.thewindowknight.com,marco@thewindowknight.com,,Scottsdale,AZ,,https://www.google.com/maps/search/?api=1&query=The%20Window%20Knight%2C%20Scottsdale%2C%20AZ,,,,residential,,,@thewindowknight,https://www.thewindowknight.com/contact_us,company_website,2026-09-06T03:31:37Z,N,
The Window Washer.com,(480) 252-6313,,,4000 Pimlico Dr,Phoenix,AZ,85006,https://www.google.com/maps/search/?api=1&query=The%20Window%20Washer.com%2C%204000%20Pimlico%20Dr%2C%20Phoenix%2C%20AZ%2C%2085006,,,,residential,,,,https://www.yellowpages.com/phoenix-az/window-cleaning,yellowpages,2026-09-06T03:20:00Z,N,; website_enriched:maps_web; website_cleared:wrong_geo_CA
Total Valley Softwash,(602) 620-3450,https://totalvalleysoftwash.com,,16427 N Scottsdale Rd Suite 410,Scottsdale,AZ,85254,"https://www.google.com/maps/place/Total+Valley+Softwash/@33.636735,-111.9235861,17z/data=!3m1!4b1!4m6!3m5!1s0x872b75fd3640b489:0xf48d3b54ee7368a7!8m2!3d33.636735!4d-111.9235861!16s%2Fg%2F11w807lmm7?entry=ttu&g_ep=EgoyMDI2MDkwOS4wIKXMDSoASAFQAw%3D%3D",0x872b75fd3640b489:0xf48d3b54ee7368a7,5.0,3,residential,,,,https://www.yellowpages.com/scottsdale-az/window-cleaning,yellowpages,2026-09-06T03:20:00Z,N,Dual softwash + windows; website_enriched_from_known; google_rating_enriched_2026-09-15
Total Valley Softwash,(623) 280-9564,https://totalvalleysoftwash.com,,16427 N Scottsdale Rd Suite 410,Scottsdale,AZ,85254,"https://www.google.com/maps/place/Total+Valley+Softwash/@33.636735,-111.9235861,17z/data=!3m1!4b1!4m6!3m5!1s0x872b75fd3640b489:0xf48d3b54ee7368a7!8m2!3d33.636735!4d-111.9235861!16s%2Fg%2F11w807lmm7?entry=ttu&g_ep=EgoyMDI2MDkwOS4wIKXMDSoASAFQAw%3D%3D",0x872b75fd3640b489:0xf48d3b54ee7368a7,5.0,3,residential,,,,https://totalvalleysoftwash.com/,company_website,2026-09-06T03:34:21Z,N,site phone 623-280-9564; YP also listed 602-620-3450 may be alternate; google_rating_enriched_2026-09-15
TSM Window Cleaning,(480) 250-6311,,,3036 E Oriole Dr,Gilbert,AZ,85297,https://www.google.com/maps/search/?api=1&query=TSM%20Window%20Cleaning%2C%203036%20E%20Oriole%20Dr%2C%20Gilbert%2C%20AZ%2C%2085297,,,,residential|commercial,,,,https://www.yellowpages.com/gilbert-az/window-cleaning,yellowpages,2026-09-06T03:20:55Z,N,
Twenty20 Window Cleaning,(480) 243-2116,https://twenty20windows.com,info@twenty20windows.com,8989 E Shangri La Rd,Scottsdale,AZ,85260,"https://www.google.com/maps/place/Twenty20+Window+Cleaning/@33.588113,-111.8872716,17z/data=!3m1!4b1!4m6!3m5!1s0x872b7509a0514917:0x119f38a96fc45495!8m2!3d33.588113!4d-111.8872716!16s%2Fg%2F1xpwk7nd?entry=ttu&g_ep=EgoyMDI2MDkwOS4wIKXMDSoASAFQAw%3D%3D",0x872b7509a0514917:0x119f38a96fc45495,5.0,356,residential|commercial|screens|solar-panels,,,,https://www.yellowpages.com/scottsdale-az/window-cleaning,yellowpages,2026-09-06T03:20:00Z,N,google_rating_enriched_2026-09-15
Twenty20 Windows,(480) 614-0111,http://www.twenty20windows.com,,,Scottsdale,AZ,,"https://www.google.com/maps/place/Twenty20+Window+Cleaning/@33.588113,-111.8872716,17z/data=!3m1!4b1!4m6!3m5!1s0x872b7509a0514917:0x119f38a96fc45495!8m2!3d33.588113!4d-111.8872716!16s%2Fg%2F1xpwk7nd?entry=ttu&g_ep=EgoyMDI2MDkwOS4wIKXMDSoASAFQAw%3D%3D",0x872b7509a0514917:0x119f38a96fc45495,5.0,356,window cleaning,,,,https://www.yellowpages.com/scottsdale-az/window-cleaning?page=2,yellowpages,2026-09-06T03:48:04Z,N,added_with_website_from_yp_p2; google_rating_enriched_2026-09-15
Twinkie Pressure Washing LLC,(480) 803-6510,,,,Phoenix,AZ,,"https://www.google.com/maps/place/Twinkie+Pressure+Washing+LLC/@33.466465,-112.1259021,9z/data=!3m1!4b1!4m6!3m5!1s0x872b6b16abcf5743:0xab6e70a29509748d!8m2!3d33.466465!4d-112.125902!16s%2Fg%2F11lcsj71mb?entry=ttu&g_ep=EgoyMDI2MDkwOS4wIKXMDSoASAFQAw%3D%3D",0x872b6b16abcf5743:0xab6e70a29509748d,5.0,7,residential,,,,https://www.yellowpages.com/phoenix-az/window-cleaning?page=7,yellowpages,2026-09-06T03:30:18Z,N,dual pressure + windows; google_rating_enriched_2026-09-15
Two Gals & A Squeegee,(480) 560-3469,,,2225 E Greenway Rd,Phoenix,AZ,85022,https://www.google.com/maps/search/?api=1&query=Two%20Gals%20%26%20A%20Squeegee%2C%202225%20E%20Greenway%20Rd%2C%20Phoenix%2C%20AZ%2C%2085022,,,,residential,,,,https://www.yellowpages.com/phoenix-az/window-cleaning?page=5,yellowpages,2026-09-06T03:29:01Z,N,
U-C Clean,(623) 606-4786,,,PO Box 883,El Mirage,AZ,85335,https://www.google.com/maps/search/?api=1&query=U-C%20Clean%2C%20PO%20Box%20883%2C%20El%20Mirage%2C%20AZ%2C%2085335,,,,residential,,,,https://www.yellowpages.com/peoria-az/window-cleaning,yellowpages,2026-09-06T03:23:02Z,N,
Ultra Brite Home Services LLC,(480) 457-9547,,,270 E Hunt Hwy,San Tan Valley,AZ,85143,"https://www.google.com/maps/place/Ultra+Brite+Home+Services/@33.2176198,-111.5508049,17z/data=!3m1!4b1!4m6!3m5!1s0x872a4beb110e2439:0xb978deabb831bf53!8m2!3d33.2176198!4d-111.5508049!16s%2Fg%2F11wvpw82_s?entry=ttu&g_ep=EgoyMDI2MDkwOS4wIKXMDSoASAFQAw%3D%3D",ChIJOSQOEetLKocRU78xuKveeLk,4.5,8,residential,,,,https://www.yellowpages.com/queen-creek-az/window-cleaning,yellowpages,2026-09-06T03:23:47Z,N,google_rating_enriched_2026-09-15
United Power Washing,(623) 230-4444,https://powerwashphx.com,unitedpwusa@gmail.com,6819 N 21st Ave Ste I,Phoenix,AZ,85015,"https://www.google.com/maps/place/United+Power+Washing/@33.4953712,-112.0831039,17z/data=!3m1!4b1!4m6!3m5!1s0x872b51e001357165:0x31c35740baaa5808!8m2!3d33.4953712!4d-112.0831039!16s%2Fg%2F11h93wqvq9?entry=ttu&g_ep=EgoyMDI2MDkwOS4wIKXMDSoASAFQAw%3D%3D",ChIJZXE1AeBRK4cRCFiqukBXwzE,4.9,130,residential,,,,https://powerwashphx.com/,company_website,2026-09-06T03:27:05Z,N,dual pressure wash + windows; also Scottsdale 480-604-2717; google_rating_enriched_2026-09-15
United Power Washing Scottsdale,(480) 604-2717,https://powerwashphx.com,powerwashscottsdale@gmail.com,8849 E Cholla E St,Scottsdale,AZ,85260,"https://www.google.com/maps/place/United+Power+Washing+Scottsdale/@33.589102,-111.8900906,17z/data=!3m1!4b1!4m6!3m5!1s0xa481a3209d7a2be3:0x97ff85225a5764ec!8m2!3d33.589102!4d-111.8900906!16s%2Fg%2F11swy95wz3?entry=ttu&g_ep=EgoyMDI2MDkwOS4wIKXMDSoASAFQAw%3D%3D",0xa481a3209d7a2be3:0x97ff85225a5764ec,5.0,36,residential,,,,https://powerwashphx.com/,company_website,2026-09-06T03:27:05Z,N,distinct phone location; google_rating_enriched_2026-09-15
Uptown Window Cleaning,(602) 695-9660,https://uptownwindowphx.com,,,Phoenix,AZ,85015,"https://www.google.com/maps/place/Uptown+Window+Cleaning/@33.5397828,-112.0907887,17z/data=!3m1!4b1!4m6!3m5!1s0x872b12e31d5d2501:0x5c7fe029fe079258!8m2!3d33.5397828!4d-112.0907887!16s%2Fg%2F11g6xwb087?entry=ttu&g_ep=EgoyMDI2MDkwOS4wIKXMDSoASAFQAw%3D%3D",0x872b12e31d5d2501:0x5c7fe029fe079258,5.0,108,residential|commercial,,,,https://www.yellowpages.com/phoenix-az/window-cleaning?page=2,yellowpages,2026-09-06T03:20:00Z,N,website_enriched:verified_site; google_rating_enriched_2026-09-15
Valley of the Sun Cleaning,(602) 217-0016,https://www.valleyofthesuncleaning.com,,,Goodyear,AZ,,https://www.google.com/maps/search/?api=1&query=Valley%20of%20the%20Sun%20Cleaning%2C%20Goodyear%2C%20AZ,,,,residential,4,,,https://www.yellowpages.com/goodyear-az/window-cleaning,yellowpages,2026-09-06T03:27:05Z,N,website_enriched:yp_phone
Valley Pro Power Wash,(480) 269-0652,https://www.valleypropowerwash.com,,15550 South 5th Avenue,Phoenix,AZ,85045,https://www.google.com/maps/search/?api=1&query=Valley%20Pro%20Power%20Wash%2C%2015550%20South%205th%20Avenue%2C%20Phoenix%2C%20AZ%2C%2085045,,5.0,125,residential|screens|solar-panels,,,,https://www.valleypropowerwash.com/residential-window-cleaning-phoenix,company_website,2026-09-06T03:18:28Z,N,Dual pressure wash + windows; Ahwatukee-area
Valley Shine Pro,(623) 552-1425,https://www.valleyshinepro.com,,,Phoenix,AZ,,"https://www.google.com/maps/place/ValleyShinePro/@33.7467373,-112.1291649,17z/data=!3m1!4b1!4m6!3m5!1s0x8d82719877067111:0x56f98d8fd0fca16c!8m2!3d33.7467373!4d-112.1291649!16s%2Fg%2F11x31tm9nb?entry=ttu&g_ep=EgoyMDI2MDkwOS4wIKXMDSoASAFQAw%3D%3D",0x8d82719877067111:0x56f98d8fd0fca16c,5.0,96,window cleaning,,,,https://www.valleyshinepro.com,company_website,2026-09-06T03:45:12Z,N,Window cleaning & pressure washing; google_rating_enriched_2026-09-15
Valley Solar Guard,,https://valleysolarguard.com,,,Phoenix,AZ,,,,,,residential|solar-panels,,,,https://valleysolarguard.com/faqs/,company_website,2026-09-06T03:18:28Z,N,Solar + window cleaning dual; phone unverified
Valley Vista Cleaners,(602) 492-5817,https://valleyvistacleaners.com,,,Phoenix,AZ,,"https://www.google.com/maps/place/Valley+Vista+Cleaners/@33.6043255,-112.0399745,10z/data=!3m1!4b1!4m6!3m5!1s0xaa82c60ff5d63fe9:0xad86b0b25b4f62b1!8m2!3d33.6043256!4d-112.0399746!16s%2Fg%2F11w3xh8s_3?entry=ttu&g_ep=EgoyMDI2MDkwOS4wIKXMDSoASAFQAw%3D%3D",0xaa82c60ff5d63fe9:0xad86b0b25b4f62b1,5.0,13,window cleaning,,,,https://www.yellowpages.com/,yellowpages,2026-09-06T03:53:37Z,N,added_with_website_from_yp; google_rating_enriched_2026-09-15
Veterans Window Service,(602) 295-6819,,,26923 N 175th Ln,Surprise,AZ,85387,https://www.google.com/maps/search/?api=1&query=Veterans%20Window%20Service%2C%2026923%20N%20175th%20Ln%2C%20Surprise%2C%20AZ%2C%2085387,,,,residential,,,,https://www.yellowpages.com/surprise-az/window-cleaning,yellowpages,2026-09-06T03:23:47Z,N,
VIP Building Service,(480) 929-9400,,,1258 W Southern Ave Ste A104,Tempe,AZ,85282,"https://www.google.com/maps/place/Vip+Window+Cleaning/@33.3934989,-111.9580922,17z/data=!3m1!4b1!4m6!3m5!1s0x872b0f4c2afd03f3:0xef91e2c7fb16a79a!8m2!3d33.3934989!4d-111.9580922!16s%2Fg%2F1tk6wck_?entry=ttu&g_ep=EgoyMDI2MDkwOS4wIKXMDSoASAFQAw%3D%3D",0x872b0f4c2afd03f3:0xef91e2c7fb16a79a,3.3,7,commercial,30,,,https://www.yellowpages.com/tempe-az/window-cleaning,yellowpages,2026-09-06T03:23:02Z,N,Commercial building; dual pressure wash; google_rating_enriched_2026-09-15
Vivid Services,(602) 509-7955,https://vividservicesaz.com,info@vividservicesaz.com,22928 N 184th Ln,Surprise,AZ,85387,"https://www.google.com/maps/place/Vivid+Window+Cleaning/@33.7092017,-112.2369094,17z/data=!3m1!4b1!4m6!3m5!1s0x66dd71867ec500d3:0xd0bc4f4d10427da!8m2!3d33.7092017!4d-112.2369094!16s%2Fg%2F11rnqdqwxf?entry=ttu&g_ep=EgoyMDI2MDkwOS4wIKXMDSoASAFQAw%3D%3D",ChIJ0wDFfoZx3WYR2icE0fTECw0,4.9,129,residential,,,,https://www.yellowpages.com/surprise-az/window-cleaning,yellowpages,2026-09-06T03:23:47Z,N,address enrichment; google_rating_enriched_2026-09-15
W&A Property Solutions,(480) 881-1132,https://wapropertysolutions.net,wapropertysolutions22@gmail.com,,Fountain Hills,AZ,,"https://www.google.com/maps/place/Property+Solution+AZ/@33.6143901,-111.9270014,17z/data=!3m1!4b1!4m6!3m5!1s0x872b7302f970078b:0x204e58411443780a!8m2!3d33.6143901!4d-111.9270014!16s%2Fg%2F11c2jzlcwh?entry=ttu&g_ep=EgoyMDI2MDkwOS4wIKXMDSoASAFQAw%3D%3D",ChIJiwdw-QJzK4cRCnhDFEFYTiA,5.0,13,residential,,,,https://wapropertysolutions.net/services,company_website,2026-09-06T03:18:28Z,N,Fountain Hills area property + windows; google_rating_enriched_2026-09-15
Wagner Window Cleaning,(480) 899-1022,http://www.wagnerwindowcleaning.com,,2744 S Pewter Dr,Gilbert,AZ,85295,https://www.google.com/maps/search/?api=1&query=Wagner%20Window%20Cleaning%2C%202744%20S%20Pewter%20Dr%2C%20Gilbert%2C%20AZ%2C%2085295,,,,residential,37,,,https://www.yellowpages.com/gilbert-az/window-cleaning,yellowpages,2026-09-06T03:20:55Z,N,website_enriched:yp_phone
Wally's Windows,(480) 766-9962,,,8031 E 2nd Ave,Mesa,AZ,85208,"https://www.google.com/maps/place/Valley+Windows+%26+Doors/@33.3931212,-111.7911599,17z/data=!3m1!4b1!4m6!3m5!1s0x872bad68fa7cd23d:0x61f6d59b2687a49b!8m2!3d33.3931212!4d-111.7911599!16s%2Fg%2F11vcxm_kcq?entry=ttu&g_ep=EgoyMDI2MDkwOS4wIKXMDSoASAFQAw%3D%3D",0x872bad68fa7cd23d:0x61f6d59b2687a49b,4.8,88,residential,,,,https://www.yellowpages.com/apache-junction-az/window-cleaning,yellowpages,2026-09-06T03:26:07Z,N,google_rating_enriched_2026-09-15
Washh LLC,(480) 603-5205,http://www.washhllc.com,,8208 E Montebello Ave,Scottsdale,AZ,85250,https://www.google.com/maps/search/?api=1&query=Washh%20LLC%2C%208208%20E%20Montebello%20Ave%2C%20Scottsdale%2C%20AZ%2C%2085250,,,,residential|screens|post-construction,,,,https://www.yellowpages.com/scottsdale-az/window-cleaning,yellowpages,2026-09-06T03:20:00Z,N,website_enriched:yp_phone
Water Springs Window Cleaning,(602) 202-3213,,,15861 N 19th Pl,Phoenix,AZ,85022,https://www.google.com/maps/search/?api=1&query=Water%20Springs%20Window%20Cleaning%2C%2015861%20N%2019th%20Pl%2C%20Phoenix%2C%20AZ%2C%2085022,,,,residential,,,,https://www.yellowpages.com/phoenix-az/window-cleaning?page=2,yellowpages,2026-09-06T03:20:00Z,N,
Western Window Cleaning,(602) 253-8958,,,1745 E Jackson St,Phoenix,AZ,85034,"https://www.google.com/maps/place/Western+Window+Cleaning/@33.4450157,-112.0435392,17z/data=!3m1!4b1!4m6!3m5!1s0x872b0e016c21757f:0x527379db2ec3a526!8m2!3d33.4450157!4d-112.0435392!16s%2Fg%2F1w4vkd8k?entry=ttu&g_ep=EgoyMDI2MDkwOS4wIKXMDSoASAFQAw%3D%3D",0x872b0e016c21757f:0x527379db2ec3a526,5.0,2,residential|commercial|post-construction,44,,,https://www.yellowpages.com/phoenix-az/window-cleaning?page=3,yellowpages,2026-09-06T03:24:34Z,N,Division of American Cleaning Systems; est 1982; google_rating_enriched_2026-09-15
Whallon Window Cleaning and More,(623) 523-4737,,,15082 N 59th Ave Apt 2,Glendale,AZ,85306,https://www.google.com/maps/search/?api=1&query=Whallon%20Window%20Cleaning%20and%20More%2C%2015082%20N%2059th%20Ave%20Apt%202%2C%20Glendale%2C%20AZ%2C%2085306,,,,residential,,,,https://www.yellowpages.com/peoria-az/window-cleaning,yellowpages,2026-09-06T03:23:02Z,N,
White Dove Windows,(480) 848-4164,https://whitedovewindows.com/,,6730 E McDowell Rd Unit 138,Scottsdale,AZ,,"https://www.google.com/maps/place/White+Dove+Windows/@33.581251,-111.87889,17z/data=!3m1!4b1!4m6!3m5!1s0x872b09490c798c63:0x36ccc951173cf9aa!8m2!3d33.581251!4d-111.87889!16s%2Fg%2F11y2c_27_k?entry=ttu&g_ep=EgoyMDI2MDkwOS4wIKXMDSoASAFQAw%3D%3D",0x872b09490c798c63:0x36ccc951173cf9aa,5.0,130,window cleaning,,,,https://whitedovewindows.com/,company_website,2026-09-06T03:54:03Z,N,Exterior cleaning subscription / White Glove; google_rating_enriched_2026-09-15
White Tanks Window Washing and Power Washing,(623) 693-2815,,,18207 W Port Au Prince Ln,Surprise,AZ,85388,https://www.google.com/maps/search/?api=1&query=White%20Tanks%20Window%20Washing%20and%20Power%20Washing%2C%2018207%20W%20Port%20Au%20Prince%20Ln%2C%20Surprise%2C%20AZ%2C%2085388,,,,residential,,,,https://www.yellowpages.com/surprise-az/window-cleaning,yellowpages,2026-09-06T03:23:47Z,N,
Win Win Window Cleaning,(623) 227-5480,https://winwinwindowcleaning.com/,,2762 W Sahuaro Dr,Phoenix,AZ,85029,"https://www.google.com/maps/place/Win+Win+Window+Cleaning/@33.494997,-112.307563,9z/data=!3m1!4b1!4m6!3m5!1s0x872b7347f10cd113:0xdc7bd84a61d9d4c6!8m2!3d33.494997!4d-112.307563!16s%2Fg%2F11ghfr6k7d?entry=ttu&g_ep=EgoyMDI2MDkwOS4wIKXMDSoASAFQAw%3D%3D",0x872b7347f10cd113:0xdc7bd84a61d9d4c6,5.0,36,residential,,,,https://www.yellowpages.com/phoenix-az/window-cleaning?page=2,yellowpages,2026-09-06T03:20:00Z,N,website_enriched:name_match_note_phone_diff site lists (602) 816-4765; google_rating_enriched_2026-09-15
Window Bosses,(480) 332-3759,https://windowbosses.com/,,3507 N Central Ave,Phoenix,AZ,,https://www.google.com/maps/search/?api=1&query=Window%20Bosses%2C%203507%20N%20Central%20Ave%2C%20Phoenix%2C%20AZ,,,,residential|solar-panels,,,,https://www.yelp.com/biz/window-bosses-phoenix,yelp,2026-09-06T03:20:00Z,N,; website_enriched:maps_web
Window Cleaning Co,(480) 969-3423,,,4520 E Wildwood Dr,Phoenix,AZ,85048,https://www.google.com/maps/search/?api=1&query=Window%20Cleaning%20Co%2C%204520%20E%20Wildwood%20Dr%2C%20Phoenix%2C%20AZ%2C%2085048,,,,residential,,,,https://www.yellowpages.com/phoenix-az/window-cleaning?page=2,yellowpages,2026-09-06T03:20:00Z,N,
Window Genie of Central Scottsdale,(480) 269-0884,https://www.windowgenie.com/central-scottsdale/,,,Scottsdale,AZ,85250,https://www.google.com/maps/search/?api=1&query=Window%20Genie%20of%20Central%20Scottsdale%2C%20Scottsdale%2C%20AZ%2C%2085250,,5.0,5,residential|commercial|screens,,,,https://www.windowgenie.com/central-scottsdale/,company_website,2026-09-06T03:18:28Z,Y,Neighborly franchise; Angi listed
Window Genie of East Valley,(480) 454-3985,http://www.windowgenie.com,,661 S Burk St,Gilbert,AZ,85296,https://www.google.com/maps/search/?api=1&query=Window%20Genie%20of%20East%20Valley%2C%20661%20S%20Burk%20St%2C%20Gilbert%2C%20AZ%2C%2085296,,,,residential|commercial|screens,11,,,https://www.yellowpages.com/gilbert-az/window-cleaning,yellowpages,2026-09-06T03:20:55Z,Y,website_enriched:yp_phone
Window Hero Scottsdale,(480) 790-8643,https://windowhero.com,,,Scottsdale,AZ,,"https://www.google.com/maps/place/Window+Hero+Scottsdale/@33.6743745,-111.9113121,10z/data=!3m1!4b1!4m6!3m5!1s0x61bd9162e6052f15:0x6e4223ff21162957!8m2!3d33.6743745!4d-111.9113121!16s%2Fg%2F11vx5jqm6p?entry=ttu&g_ep=EgoyMDI2MDkwOS4wIKXMDSoASAFQAw%3D%3D",0x61bd9162e6052f15:0x6e4223ff21162957,5.0,211,window cleaning,,,,https://www.yellowpages.com/scottsdale-az/window-cleaning?page=2,yellowpages,2026-09-06T03:48:04Z,N,added_with_website_from_yp_p2; google_rating_enriched_2026-09-15
Window Rama,(480) 266-4437,http://1windowrama.com,,3317 S Higley Rd Ste 114-261,Gilbert,AZ,85297,https://www.google.com/maps/search/?api=1&query=Window%20Rama%2C%203317%20S%20Higley%20Rd%20Ste%20114-261%2C%20Gilbert%2C%20AZ%2C%2085297,,,,residential|screens,,,,https://www.yellowpages.com/gilbert-az/window-cleaning,yellowpages,2026-09-06T03:20:55Z,N,website_enriched:yp_phone
Window Revival Window Cleaning LLC,,,,10605 W Heatherbrae Dr,Phoenix,AZ,85037,"https://www.google.com/maps/place/Revival+Windows/@33.4129979,-111.9710272,17z/data=!3m1!4b1!4m6!3m5!1s0x872b0f99d8abd81b:0xdee2ed7e5e3b1e44!8m2!3d33.4129979!4d-111.9710272!16s%2Fg%2F11n4638nww?entry=ttu&g_ep=EgoyMDI2MDkwOS4wIKXMDSoASAFQAw%3D%3D",ChIJG9ir2JkPK4cRRB47Xn7t4t4,4.2,5,residential,,,,https://opencorpdata.com/us-az/23180562,opencorpdata,2026-09-06T03:29:01Z,N,phone unverified — AZ corp filing 2025; google_rating_enriched_2026-09-15
Window Works LLC,(602) 663-0257,https://www.windowworksllc.com,windowworks14@gmail.com,,Tempe,AZ,,https://www.google.com/maps/search/?api=1&query=Window%20Works%20LLC%2C%20Tempe%2C%20AZ,,4.8,855,residential|solar-panels,11,,,https://api.us.nextdoor.com/pages/window-works-llc-tempe-az/,nextdoor,2026-09-06T03:18:28Z,N,Angi highly reviewed; family-owned
Windows Are A Pane,(623) 932-1138,http://www.windowsareapane.com,,210 E La Paz Dr,Goodyear,AZ,85338,"https://www.google.com/maps/place/Windows+Are+A+Pane/@33.4479186,-112.35443,17z/data=!3m1!4b1!4m6!3m5!1s0x872b38c2671bbaab:0x5895c92928511639!8m2!3d33.4479186!4d-112.35443!16s%2Fg%2F1tfc71zj?entry=ttu&g_ep=EgoyMDI2MDkwOS4wIKXMDSoASAFQAw%3D%3D",0x872b38c2671bbaab:0x5895c92928511639,5.0,2,residential,46,,,https://www.yellowpages.com/peoria-az/window-cleaning,yellowpages,2026-09-06T03:23:02Z,N,google_rating_enriched_2026-09-15
Windows by Mike,(480) 525-2906,,,1612 McAllister,Tempe,AZ,85281,https://www.google.com/maps/search/?api=1&query=Windows%20by%20Mike%2C%201612%20McAllister%2C%20Tempe%2C%20AZ%2C%2085281,,,,residential,,,,https://www.yellowpages.com/tempe-az/window-cleaning,yellowpages,2026-09-06T03:23:02Z,N,
Windows in Detail,(623) 580-7257,,,,Phoenix,AZ,85027,"https://www.google.com/maps/place/DETAIL+PHX/@33.6961955,-112.1069318,17z/data=!3m1!4b1!4m6!3m5!1s0x872b637f7394ccc5:0x1fd825a1935f9a64!8m2!3d33.6961955!4d-112.1069318!16s%2Fg%2F11fvqdqs3d?entry=ttu&g_ep=EgoyMDI2MDkwOS4wIKXMDSoASAFQAw%3D%3D",ChIJxcyUc39jK4cRZJpfk6El2B8,5.0,318,residential,,,,https://www.yellowpages.com/phoenix-az/window-cleaning?page=2,yellowpages,2026-09-06T03:20:00Z,N,google_rating_enriched_2026-09-15
Wonder Windows,(602) 639-4009,https://wonder-windows.com,,,Phoenix,AZ,,"https://www.google.com/maps/place/Wonder+Windows/@33.6071264,-112.094617,10z/data=!3m1!4b1!4m6!3m5!1s0x86a9f1ac68f5ecb:0xe762570a4342e406!8m2!3d33.6071264!4d-112.094617!16s%2Fg%2F11wfhxrz2_?entry=ttu&g_ep=EgoyMDI2MDkwOS4wIKXMDSoASAFQAw%3D%3D",ChIJy16PxhqfaggRBuRCQwpXYuc,5.0,99,window cleaning,,,,https://wonder-windows.com,company_website,2026-09-06T03:43:51Z,N,Also text 623-975-5386; also (480) 336-0698; google_rating_enriched_2026-09-15
Your Window Cleaners / 360 Sparkle,(602) 753-7890,,,,Sun City,AZ,85373,https://www.google.com/maps/search/?api=1&query=Your%20Window%20Cleaners%20/%20360%20Sparkle%2C%20Sun%20City%2C%20AZ%2C%2085373,,,,residential,39,,,https://www.yellowpages.com/buckeye-az/window-cleaning,yellowpages,2026-09-06T03:24:34Z,N,
Ziggy's Cleaning Services,(480) 547-9352,,,1628 E Southern Ave,Tempe,AZ,85282,"https://www.google.com/maps/place/Ziggy's+Cleaning+Services/@33.3921951,-111.9074765,17z/data=!3m1!4b1!4m6!3m5!1s0x872b08847ade722d:0xc005ea3ce36800e9!8m2!3d33.3921951!4d-111.9074765!16s%2Fg%2F11c0rtdjf5?entry=ttu&g_ep=EgoyMDI2MDkwOS4wIKXMDSoASAFQAw%3D%3D",0x872b08847ade722d:0xc005ea3ce36800e9,5.0,7,residential,,,,https://www.yellowpages.com/tempe-az/window-cleaning,yellowpages,2026-09-06T03:23:02Z,N,google_rating_enriched_2026-09-15
